plot,Order,n,Richness,miu_mix,miu_mono,evenness_mix,evenness_mono,CorS_mono,NBE.F,SE,CE,CV.mix,CV.mono,CV.avg,CVS.mix,CVS.mono,phi.mix,phi.mono,AE.SpVar,SE.SpVar,AE.Syn,SE.Syn,NIIE,NIDE,NBE,NIDE.SpVar,NIDE.Syn,NIIE.Syn,NIIE.SpVar,Exp
B1A01,New,15,16,323.281,168.185375,0.749876952,0.897686812,0.490237725,1.9221707,-0.521433086,1.443603786,0.272512783,0.658841331,1.038812919,1.087781033,0.869152767,0.250521727,0.758027077,0.132896608,0.118645209,-0.975025252,0.084250077,0.6342252,0.413624298,0.262330953,1.251541817,0.330491792,0.758027077,0.836678819,D
B1A01,Old,15,16,276.015,50.382375,0.569564567,0.841595099,0.083543378,5.478403906,0.604402661,3.874001245,0.549238825,0.318004652,1.007306102,1.006644836,0.895060147,0.545613314,0.355288584,0.013222948,0.111444303,0.682070494,0.676274915,0.31569813,1.727140849,0.545255136,1.124667251,1.535690532,0.355288584,0.888568178,D
B1A02,New,5,8,473.179,147.1265,0.448666518,0.971528392,0.418822837,3.216137134,0.404059527,1.812077607,0.567348669,0.474287486,0.655126301,1.136029986,0.637471684,0.499413463,0.744013417,0.827860169,-0.045773192,-0.961996119,0.412562678,0.723963433,1.196212604,0.866014184,1.782086977,0.671242549,0.744013417,0.973051583,D
B1A02,Old,5,8,333.972,82.4755,0.109766699,0.832510631,0.234589706,4.049347988,1.97054666,1.078801328,0.152201352,0.228181433,0.656877603,0.21109132,0.34326328,0.721021368,0.664741749,0.278802742,-0.663848181,-0.03326993,0.209765672,0.347372832,0.667019003,0.23170428,0.614954561,1.084663884,0.664741749,0.522568099,D
B1A03,New,5,8,45.307,99.28725,0.528465942,0.8291979,0.119454167,0.456322438,-0.112870465,-0.430807097,1.580099514,0.487783499,0.723082497,1.725795037,0.730343105,0.915577737,0.667882665,1.412983645,-0.049991476,-0.096668258,0.975942253,0.674589001,3.239345972,2.185227164,2.362992169,1.370866148,0.667882665,1.010041189,D
B1A03,Old,5,8,41.87,11.715275,0.490850486,0.904350853,-0.009408183,3.573966467,-3.705859764,6.279826231,1.253887492,0.605700943,1.089562111,1.535447061,1.027020719,0.816626977,0.589765066,0.195369022,0.29968072,-0.124471521,1.041768363,0.555912267,2.070142877,1.150817819,1.495049741,1.384664884,0.589765066,0.942599517,D
B1A06,New,12,16,308.8766667,178.974,0.813217195,0.951458827,0.453077098,1.725818648,-0.303874673,1.029693321,0.729676083,0.516388092,0.790563049,1.097610205,0.704915056,0.664786168,0.732553643,0.624361004,-0.067279486,-0.466982433,0.290523167,0.653190271,1.413038166,0.922982783,1.557081517,0.907491451,0.732553643,0.891662034,D
B1A06,Old,12,16,187.155,67.8962375,0.62689636,0.827393973,0.103410479,2.756485586,-0.389490803,2.145976389,0.287391882,0.271609419,0.849911345,0.881666097,0.555156264,0.325964538,0.489248589,0.424965619,0.163174791,-0.500390439,-0.055713238,0.319573824,1.058107202,0.338143365,1.58814041,0.666255449,0.489248589,0.653193145,D
B1A07,New,2,2,87.78066667,165.226,0.48050274,0.940740365,0.086948856,0.531276353,-0.17727726,-0.291446387,0.70355169,0.6392267,0.754257285,1.011934197,0.798280603,0.695254388,0.800754394,0.476366292,-0.20872407,-0.338716083,0.092572812,0.847491583,1.100629386,0.93277414,1.267642222,0.868249232,0.800754394,1.058366447,D
B1A07,Old,2,2,99.165,43.049,0.894944701,0.804949537,0.970358308,2.303537829,-1.395146622,2.698684451,0.759668437,1.0389861,1.206640102,0.916846381,1.046138632,0.828566762,0.993162921,-0.390867019,0.26727704,-0.3048707,0.000878363,0.86105716,0.731163234,0.629573338,0.876410021,0.834270737,0.993162921,0.866984804,D
B1A11,New,12,16,287.831,197.88475,0.764681532,0.940875269,0.31176832,1.454538563,-1.020510615,1.475049178,0.486245435,0.512802276,0.950851828,1.266310461,0.792213947,0.383985958,0.647302762,0.357722438,0.24072261,-1.287754533,0.639651695,0.539308293,0.948212318,0.511378767,1.598445048,0.593209206,0.647302762,0.833162354,D
B1A11,Old,12,16,213.821,60.3698625,0.705564878,0.850779639,0.121611383,3.541850041,-2.052374213,4.594224255,0.243633456,0.442460291,1.064960233,1.095363883,0.753256813,0.222422393,0.587396335,0.284645842,0.169524721,-0.044508557,-0.81210947,0.415471186,0.550633494,0.228772351,1.454170563,0.378658122,0.587396335,0.707309803,D
B1A12,New,5,8,306.528,217.8545,0.648766469,0.723217588,0.465307286,1.407030839,-0.032393806,0.439424645,0.875662319,0.562638018,1.067137836,1.234125234,0.751661195,0.709540892,0.748526093,0.314526767,0.327336936,-0.387869388,0.286416745,0.527240248,1.556351138,0.820570961,1.641863704,0.947917379,0.748526093,0.704371235,D
B1A12,Old,5,8,341.727,70.36765,0.330160073,0.592262427,0.079509009,4.856308261,1.701181884,2.155126377,0.238758899,0.251826227,0.68787709,0.500394165,0.483203779,0.477141653,0.521159475,0.154429891,-0.118854038,-0.342664545,0.180875606,0.366091895,0.948109741,0.347095292,1.035575853,0.915538672,0.521159475,0.702456567,D
B1A13,New,3,4,434.229,412.1965,0.499637489,0.772161733,0.267603063,1.053451449,0.165179738,-0.11172829,0.569046698,0.41559603,0.678311488,0.824831361,0.532726179,0.689894595,0.780130669,0.663414129,-0.115092694,-0.144753711,-0.073203021,0.612692012,1.369230349,0.838916498,1.548321434,0.884332103,0.780130669,0.785371011,D
B1A13,Old,3,4,287.462,117.12655,0.152233152,0.41382495,0.42779872,2.454285557,0.903665883,0.550619674,0.484260122,0.366383354,0.73917777,0.539144205,0.433232812,0.898201477,0.845696226,0.344882093,-0.100414477,-0.17695899,0.304984042,0.495663383,1.321730684,0.655133503,1.244467617,1.062085238,0.845696226,0.586100976,D
B1A14,New,5,8,184.763,136.702,0.735194159,0.975967664,0.264753093,1.351574959,0.163852689,0.18772227,1.339098576,0.568105516,0.862558482,1.717365773,0.830663066,0.779739877,0.683918112,1.141801892,-0.074338149,0.077783269,0.22206087,0.658628404,2.357130038,1.552472794,2.067463743,1.140107073,0.683918112,0.963022315,D
B1A14,Old,5,8,113.582,62.306525,0.627127237,0.875833674,0.262146057,1.82295514,0.252677905,0.570277235,0.436679649,0.560304909,0.840868287,1.087104621,0.789607536,0.401690546,0.709599242,0.38590964,-0.009143878,-0.513112195,-0.16644027,0.666340874,0.779360741,0.519319917,1.376765762,0.566080856,0.709599242,0.939038312,D
B1A16,New,2,2,315.889,230.644,0.984585305,0.991505593,0.861781241,1.369595567,-0.038211432,0.407806999,0.706804833,0.77854315,0.779343221,1.325552964,0.802760696,0.533215083,0.969832174,0.719679188,-0.068436207,-0.699908847,0.002190421,0.998973404,0.907855695,0.906923694,1.651242981,0.549801396,0.969832174,1.030047704,D
B1A16,Old,2,2,99.16033333,65.4673,0.730640519,0.841548549,-0.592457173,1.51465439,0.116005478,0.398648912,0.687760055,0.73057017,1.043691466,0.853526233,1.09929412,0.805786663,0.664581168,-0.238011827,0.014443009,0.270805532,0.199285028,0.699986724,0.941401776,0.658968745,0.776431182,1.212472911,0.664581168,1.053274991,D
B1A17,New,2,2,262.638,318.052,0.994519552,0.999985742,0.880094962,0.825770629,0.000303479,-0.17453285,0.950079381,0.534370268,0.550651738,1.201482638,0.55002097,0.790755814,0.971545263,1.205753602,-0.021323001,-0.360863146,0.023321698,0.970432364,1.777942072,1.725372529,2.1844306,0.813915568,0.971545263,0.998854507,D
B1A17,Old,2,2,99.307,158.3323,0.435876966,0.94992894,0.495867218,0.627206199,0.098497608,-0.471291409,0.42489253,0.618495109,0.823156244,0.521113529,0.699480344,0.815355017,0.884220858,0.121959443,-0.376958481,-0.253278206,0.103577827,0.751370246,0.686977995,0.516174825,0.745000962,0.922116924,0.884220858,0.84975404,D
B1A19,New,2,4,351.186,119.691,0.32864012,0.696988195,0.95973963,2.934105321,0.76572248,1.168382841,0.915639961,0.64781698,0.931894623,0.999600824,0.654143531,0.916005609,0.990328497,0.70163728,-0.173531021,-0.159297742,0.014832609,0.695161195,1.413423838,0.982557404,1.528106259,0.924951278,0.990328497,0.701950108,D
B1A19,Old,2,4,233.098,74.2595,0.489584485,0.982668468,-0.247206354,3.138965385,0.314459439,1.824505946,0.193023791,0.38076845,0.571132235,0.218279833,0.58303377,0.88429512,0.653081295,-0.70902434,0.0834106,0.950805604,-0.117394039,0.666690525,0.506932208,0.3379669,0.37438626,1.354035289,0.653081295,1.020838494,D
B1A20,New,15,16,542.5033333,300.506125,0.543307262,0.830689732,0.382604478,1.805298755,0.703841712,0.101457043,0.263896984,0.48632598,0.918374014,1.134901544,0.691757185,0.232528526,0.703029894,0.526694005,0.113912798,-1.000650486,0.110047356,0.529551112,0.542633942,0.287352407,1.640606804,0.330751976,0.703029894,0.753241245,D
B1A20,Old,15,16,317.9833333,93.9542125,0.451744086,0.771917485,0.057060004,3.384449988,0.396963528,1.987486459,0.342650298,0.191997907,0.837233805,0.780069021,0.546007091,0.439256384,0.351639951,0.400471487,0.028207799,-0.551341336,1.111754993,0.229324121,1.784656424,0.409264767,1.428679287,1.249165184,0.351639951,0.652156049,D
B1A21,New,2,4,117.889,132.3655,0.899742763,0.953628265,0.919844968,0.890632378,0.027881574,-0.137249197,0.596182503,0.550518345,0.61633677,0.613505592,0.561754779,0.971763764,0.979997616,0.136912968,-0.044789475,-0.021787688,0.005054458,0.893210289,1.082947569,0.967299911,1.092123493,0.991598089,0.979997616,0.911441287,D
B1A21,Old,2,4,67.67233333,45.17305,0.221942606,0.992575236,-0.451166668,1.498068723,0.12694095,0.371127773,0.71739646,0.425415755,0.770132221,0.741216314,0.74158551,0.967863829,0.573657049,0.313688529,-0.314186375,0.178582507,1.668000486,0.552393139,1.68634201,0.931523757,0.999502153,1.687181968,0.573657049,0.962932714,D
B2A01,New,4,4,312.4742,366.128,0.593590552,0.466443231,0.871664012,0.853456168,-0.254119058,0.107575226,0.662525197,0.742248677,1.034798408,1.215932531,0.760374221,0.544870032,0.976162337,0.47155945,0.127564373,-0.688795771,0.000355809,0.71728819,0.892591955,0.640245667,1.599123824,0.558175634,0.976162337,0.734804205,D
B2A01,Old,4,4,327.461,142.82035,0.441113488,0.637457329,0.140799537,2.292817515,-0.694535932,1.987353448,0.117442971,0.340778736,0.8389051,0.484174058,0.477443175,0.242563534,0.713757685,-0.094942702,0.10904047,-0.540312062,-0.344196596,0.406218457,0.344631159,0.139995538,1.014097768,0.339840171,0.713757685,0.569126562,D
B2A06,New,4,4,240.882,175.285,0.676804408,0.95737289,0.386689947,1.374230539,0.119640716,0.254589823,0.569718124,0.642112942,0.92136153,0.885128112,0.915984803,0.643656117,0.701008293,-0.079975321,0.046288419,-0.668454988,0.511520825,0.696917466,0.887255319,0.618343728,0.966313098,0.918186167,0.701008293,0.994164367,D
B2A06,Old,4,4,166.821,56.4707,0.771741259,0.91640874,0.307850033,2.954116028,-0.522385735,2.476501763,0.489212822,0.594030439,0.717250358,0.947416417,0.78616291,0.516365152,0.755607307,0.226166623,-0.021052004,-0.237525004,-0.295469973,0.828205148,0.823548406,0.68206703,1.205114619,0.683377658,0.755607307,1.096078798,D
B2A09,New,4,4,197.698,101.9165,0.447264431,0.704438011,-0.035995008,1.939803663,0.778863636,0.160940027,0.664424831,0.712641646,1.107545573,0.812227786,1.072919737,0.818027704,0.664207789,-0.242014162,-0.000960164,0.000301038,0.516498182,0.643442277,0.932340729,0.599907442,0.757025673,1.231584029,0.664207789,0.968736423,D
B2A09,Old,4,4,155.581,60.20015,0.751419062,0.696880466,-0.09289443,2.584395554,-5.043386248,6.627781801,0.321819806,0.657143208,0.913458804,0.637265356,0.795065764,0.505001258,0.826526859,-0.608239091,0.40976443,-0.707499026,0.08081019,0.719401034,0.48972553,0.352309053,0.801525339,0.610991951,0.826526859,0.870390389,D
B2A10,New,14,16,405.108,147.751125,0.433553348,0.905968111,0.299555337,2.741826839,1.131858773,0.609968065,0.433738986,0.486539127,0.888162095,0.892948049,0.695434941,0.485738209,0.699618466,0.485216571,-0.201202789,-0.900699228,0.382738039,0.547804426,0.89147812,0.48835566,1.284013783,0.694290149,0.699618466,0.783004527,D
B2A10,Old,14,16,341.1632,80.0191625,0.399928031,0.835983025,0.038787427,4.263518754,-1.600615563,4.864134317,0.205686938,0.212018818,0.779998692,0.648699157,0.486372793,0.317076006,0.435918336,0.773156993,-0.439408135,-0.880029546,0.409103624,0.271819454,0.970135289,0.263701644,1.333748858,0.727374785,0.435918336,0.623555909,D
B2A12,New,7,8,394.573,367.20275,0.573439579,0.847825106,0.136181604,1.07453716,0.398133381,-0.323596221,0.316586429,0.364666254,0.687509564,0.82001783,0.592997484,0.386072616,0.614954134,0.457291145,-0.074455886,-0.866512866,0.260654712,0.530416263,0.868153895,0.460482945,1.382835259,0.627807173,0.614954134,0.862529796,D
B2A12,Old,7,8,345.9689,115.600825,0.773811903,0.739654544,0.256404883,2.992789195,-2.504422748,4.497211944,0.442193722,0.279762898,0.849185267,0.840600972,0.48944012,0.526044743,0.571597804,0.277999708,0.439474885,-0.19212695,0.039089615,0.329448601,1.580601736,0.520727031,1.717474594,0.920305745,0.571597804,0.576364357,D
B2A14,New,5,8,365.297,242.698,0.535048227,0.740955246,0.223407257,1.505150434,0.253060183,0.252090251,0.476328771,0.66344854,0.955928669,1.004479616,0.846533448,0.474204516,0.783723953,0.027576704,0.159003246,-1.11621775,0.482322304,0.694035613,0.71795888,0.498289031,1.18657995,0.605065744,0.783723953,0.885561313,D
B2A14,Old,5,8,223.569,84.49205,0.457700894,0.706458463,-0.157221756,2.646035929,0.90159713,0.744438799,0.273996938,0.243576975,0.655274295,0.300163694,0.457881466,0.912825048,0.531965133,-0.083638662,-0.260812432,0.796599895,1.147881142,0.37171758,1.124888501,0.418140831,0.655548905,1.715949019,0.531965133,0.698763052,D
B2A16,New,4,4,295.1325,385.7105,0.602642273,0.544542845,0.248149013,0.765165843,-0.132529981,-0.102304176,0.802366549,0.619314579,1.02442156,1.549109624,0.734289448,0.517953369,0.843420235,1.143728678,-0.034057038,-0.847564956,0.224696876,0.604550512,1.295571873,0.78323864,2.10967164,0.614110674,0.843420235,0.716784453,D
B2A16,Old,4,4,501.6635,152.9726,0.575786154,0.747063409,-0.163066222,3.279433703,-0.59398213,2.873415833,0.372304385,0.147003622,0.641193311,0.774682064,0.506019839,0.480589912,0.290509602,0.545529686,-0.014597488,1.540243314,0.196463783,0.229265682,2.53262049,0.580642964,1.530932198,1.654299579,0.290509602,0.789184525,D
B2A17,New,7,8,264.384,111.12675,0.796346579,0.935594253,0.359258503,2.379121139,-0.016674221,1.39579536,0.476698984,0.510111409,0.912905317,0.939795071,0.815048557,0.507237162,0.62586628,0.127729366,0.025324723,-1.041727158,0.698566291,0.558778002,0.934499751,0.522177903,1.153054089,0.810456127,0.62586628,0.892807328,D
B2A17,Old,7,8,214.9725,56.261525,0.753953284,0.918804258,0.010994923,3.820950463,-2.440116037,5.2610665,0.403544078,0.302255407,0.734083785,0.800270731,0.659401705,0.504259449,0.458378262,0.38063098,-0.166999402,0.517186206,-0.306978082,0.411745108,1.335109541,0.549724823,1.213631577,1.100094597,0.458378262,0.89826491,D
B2A18,New,11,16,367.055,117.733,0.642163095,0.908962964,0.075445203,3.117690027,0.720027066,1.397662961,0.430797851,0.363829928,0.900859775,0.915151526,0.788985033,0.470739368,0.461136667,0.112831273,0.047078596,-1.001333087,1.043414688,0.403869657,1.18406381,0.478207445,1.159909869,1.020823982,0.461136667,0.875813367,D
B2A18,Old,11,16,194.136,32.5356875,0.6566182,0.816534159,0.108076469,5.96686331,0.471458562,4.495404747,0.344870738,0.30863819,0.898525109,0.907002948,0.703162744,0.38023111,0.43892853,0.182785784,0.107104722,-0.753004162,0.503429817,0.343494229,1.117394895,0.383818698,1.289890506,0.866271121,0.43892853,0.782574396,D
B2A19,New,2,2,132.442,154.128,0.885281499,0.965067328,-0.482683193,0.859298765,0.034470909,-0.175172144,0.397714734,0.476006279,0.978432766,0.914017466,0.935433045,0.435128156,0.508861946,0.013651104,-0.036544863,-0.392217509,0.123414548,0.486498711,0.835524134,0.406481414,0.977106241,0.855100601,0.508861946,0.956052452,D
B2A19,Old,2,2,158.945,69.665,0.761418872,0.998677016,-0.844585847,2.28156176,-0.058866034,1.340427794,0.380373187,0.294939569,0.536031109,0.808660077,0.54631004,0.470374633,0.539875799,0.744503601,-0.264281718,0.275028176,-0.515926298,0.550228456,1.28966482,0.709610283,1.480221883,0.871264528,0.539875799,1.019175999,D
B2A21,New,7,8,207.278,235.4815,0.723126467,0.919697765,-0.003231178,0.880230506,0.096414516,-0.216184009,0.823355079,0.272991827,0.79857474,1.303963119,0.642468094,0.631425128,0.424911103,1.081730672,-0.052115302,-1.12453039,2.332776947,0.341848813,3.016042965,1.031030707,2.029615369,1.486017011,0.424911103,0.804518428,D
B2A21,Old,7,8,329.3485,82.463425,0.680415808,0.879525659,0.309542136,3.993873648,-1.207428099,4.201301747,0.204853221,0.46082643,0.778147482,0.399830289,0.649369759,0.512350433,0.709651818,-0.196482539,-0.187796936,-0.247919532,-0.230833461,0.592209628,0.444534445,0.263257578,0.615720524,0.721974382,0.709651818,0.834507307,D
B2A22,New,10,16,114.816,117.588,0.851718857,0.933806657,0.518265963,0.976426166,-0.301914603,0.278340769,0.721000421,0.732992681,1.079644385,1.145292981,0.971872666,0.629533607,0.754206499,-0.032846086,0.211285423,-0.560153575,0.256872003,0.678920477,0.983639318,0.667812875,1.178439337,0.834696608,0.754206499,0.900178503,D
B2A22,Old,10,16,212.264,33.33775,0.600959858,0.881646256,0.047196443,6.367076362,-3.459671072,8.826747435,0.173804623,0.289193241,0.853730089,0.567982155,0.688268262,0.306003668,0.42017518,-0.265542958,0.090776644,-1.004771236,0.535157753,0.338740832,0.600998219,0.203582637,0.825233686,0.728276402,0.42017518,0.806189534,D
B3A03,New,3,4,177.245,99.86,0.737303994,0.827990752,-0.098083026,1.774934909,0.233441902,0.541493007,0.764156905,1.140737561,1.545730046,1.199220561,1.657601574,0.63721131,0.688185616,-0.262465443,-0.014067241,0.246632322,-0.389287028,0.737992746,0.669879674,0.49436634,0.723467316,0.925929422,0.688185616,1.072374557,D
B3A03,Old,3,4,81.5453,41.541,0.678075943,0.978442737,-0.204368566,1.963007631,-0.03900567,1.002013301,0.772033819,0.349120951,0.820697948,0.891025387,0.815383426,0.866455469,0.428167828,0.145042084,-0.052273506,0.127467871,2.967631366,0.425395179,2.21136491,0.940703972,1.092768578,2.023635154,0.428167828,0.993524387,D
B3A04,New,6,8,437.4349333,189.345,0.5847552,0.964028871,0.450230723,2.310253417,0.462703904,0.847549513,0.616181258,0.446410935,0.713803675,0.778836582,0.629248906,0.791156029,0.709434582,0.386809323,-0.149085149,0.021467108,0.222186902,0.625397362,1.380300548,0.863236321,1.237724174,1.115192365,0.709434582,0.881543383,D
B3A04,Old,6,8,250.3699,82.238,0.593019088,0.864566713,0.169352634,3.044455118,0.763114561,1.281340557,0.417343498,0.331572221,0.657428147,0.540133965,0.513155374,0.772666643,0.646143913,0.016513066,0.036060858,0.194850963,0.235115368,0.504347468,1.258680526,0.634812336,1.052573925,1.195811996,0.646143913,0.780549747,D
B3A05,New,7,8,399.1498,186.397,0.514064863,0.906469492,0.421596346,2.141396053,0.11139446,1.030001593,0.453523578,0.729441602,1.034108374,0.609873916,0.959869097,0.743634982,0.759938625,-0.102226314,-0.262401719,0.220883182,-0.263330702,0.705382163,0.621740763,0.438564844,0.635371966,0.978546105,0.759938625,0.928209384,D
B3A05,Old,7,8,371.9652,72.8319,0.655394211,0.650810386,0.039905036,5.107174192,-8.60385131,12.7110255,0.347624381,0.108555735,0.86654646,0.803627745,0.300896029,0.432568914,0.3607749,0.476937076,1.193845084,1.346479912,-0.908880179,0.125273992,3.202266399,0.401160696,2.67078216,1.198999472,0.3607749,0.347235887,D
B3A07,New,6,8,368.816,138.11775,0.509037328,0.911193728,0.171399333,2.670301247,0.766753323,0.903547923,0.638294841,0.663876176,0.891433576,1.033325241,0.879486376,0.617709523,0.754845322,0.066483009,0.108435977,-1.042245195,0.711902571,0.74472871,0.961466707,0.71603186,1.174918986,0.81832596,0.754845322,0.986597767,D
B3A07,Old,6,8,221.9709,45.72275,0.628871615,0.763533646,0.075949528,4.854714557,0.063224669,3.791489887,0.137610885,0.234341954,0.797917532,1.147031825,0.485608287,0.119971287,0.482574042,1.107184566,0.254867022,-2.556326668,1.618132111,0.293691947,0.587222572,0.172462541,2.362051589,0.248607005,0.482574042,0.608594582,D
B3A09,New,11,16,440.0035,168.879125,0.593560511,0.952125767,0.411909955,2.605434508,0.278812416,1.326622092,0.33255774,0.465477244,0.732066547,0.820838362,0.666271616,0.405144003,0.698629857,0.349340845,-0.117353256,-0.62655075,-0.037151048,0.63584007,0.714444678,0.454272554,1.231987589,0.579912237,0.698629857,0.910124386,D
B3A09,Old,11,16,333.587,80.714625,0.202684006,0.862495032,0.133242054,4.13291891,2.073526353,1.059392557,0.285882243,0.289974595,0.765467523,0.367586835,0.511171134,0.777727101,0.56727498,0.41735371,-0.698246527,0.791668758,0.087938905,0.378820246,0.985887206,0.373474034,0.719107184,1.370987842,0.56727498,0.667789448,D
B3A11,New,4,4,426.1911,182.665,0.410565422,0.92488775,0.562677493,2.333184244,0.671128126,0.662056118,0.301064475,0.746359865,1.007173779,0.797799703,0.894798889,0.377368497,0.834109066,0.179001364,-0.287404701,-1.078396947,0.283081751,0.741043781,0.403377096,0.298920089,0.891596663,0.452421048,0.834109066,0.888425521,D
B3A11,Old,4,4,300.039,128.72965,0.077222569,0.778414025,0.115744069,2.330768397,1.130915577,0.19985282,0.32998247,0.321407469,0.780574937,0.374838758,0.422803921,0.880331777,0.760180909,0.6318738,-0.745319206,-0.17836889,0.51946172,0.411757352,1.026679534,0.422742846,0.886554594,1.158055624,0.760180909,0.541657054,D
B3A13,New,4,4,395.944,181.7895,0.248601831,0.812818292,0.399373155,2.178035585,0.520401073,0.657634512,0.30156069,0.456524294,0.765618516,0.347267648,0.589481756,0.86838118,0.774450251,-0.379018348,-0.031874958,0.22569451,0.031590552,0.596281678,0.660557815,0.393878523,0.589106694,1.121287234,0.774450251,0.769941875,D
B3A13,Old,4,4,291.7834,127.489,0.052227893,0.648036968,0.188398711,2.288694711,0.979625195,0.309069516,0.185384453,0.193581956,0.884936351,0.196911474,0.27982651,0.941460897,0.691792769,0.305227381,-0.601536104,0.306769746,0.545279528,0.218752407,0.957653579,0.209489025,0.703691277,1.36090017,0.691792769,0.316210889,D
B3A16,New,14,16,277.5901,106.95375,0.419028322,0.942398639,0.355278398,2.595421853,0.323693697,1.271728156,0.844753883,0.709687167,1.023431699,0.979311535,1.024663562,0.862599747,0.692605059,-0.142954124,0.098693717,-0.349091463,0.900218379,0.693438719,1.190318667,0.825413053,0.955739593,1.245442458,0.692605059,1.001203659,D
B3A16,Old,14,16,385.0784,50.6932625,0.41015445,0.894587456,0.061928855,7.596244175,-5.256950584,11.85319476,0.358939891,0.240156232,0.718730534,0.521556195,0.600117532,0.688209429,0.400181996,0.048673695,-0.179583613,0.828771927,1.128737556,0.334139459,1.494609941,0.499408157,0.869090081,1.719741109,0.400181996,0.834968746,D
B3A20,New,4,8,542.22,252.821,0.558942468,0.801247297,0.499371268,2.144679437,0.380890046,0.763789391,0.630933231,0.738516499,0.964686082,0.77601328,0.81314702,0.813044374,0.908220138,-0.024395885,-0.021270813,0.053280246,-0.251885958,0.765551107,0.854325167,0.654029578,0.954333301,0.895206283,0.908220138,0.842913601,D
B3A20,Old,4,8,356.639,71.833825,0.204476467,0.658994395,0.186649935,4.964778083,1.523029453,2.441748631,0.490045236,0.357037805,0.751350778,0.560203154,0.517215708,0.874763437,0.690307349,0.25795253,-0.174839344,0.028563959,0.577253776,0.475194563,1.372530387,0.652218977,1.083113186,1.267208639,0.690307349,0.688381144,D
B3A21,New,2,2,361.0085,277.783,0.307637974,0.868418461,0.826580087,1.299606167,-0.869767988,1.169374155,1.315423209,0.813214784,0.923545577,1.325591124,0.848484688,0.992329524,0.958431891,0.286625502,0.275678619,0.003222905,0.068763587,0.880535627,1.617559389,1.424318672,1.562304121,1.035367805,0.958431891,0.918725301,D
B3A21,Old,2,2,135.091,30.1316,0.959919879,0.91464374,-0.502741669,4.4833663,-0.182960174,3.666326474,0.57073113,0.43910948,0.877879786,0.584413971,0.832386732,0.976587074,0.527530609,-0.314906435,0.017000723,2.353060991,0.074037735,0.500193178,1.299746773,0.650124469,0.702094289,1.851242482,0.527530609,0.948178492,D
B3A22,New,13,16,457.8721,143.9635,0.565325978,0.835285716,0.260685502,3.180473523,-0.416487962,2.596961485,0.534806288,0.342577467,0.900180465,0.985731333,0.564232808,0.54254772,0.607156235,0.592467038,0.154562413,0.026388067,-0.227887979,0.38056532,1.561125115,0.594110079,1.747029451,0.893588321,0.607156235,0.626799658,D
B3A22,Old,13,16,321.3417,60.0585,0.634184961,0.789488449,-0.003574295,5.350478284,-1.650669743,6.001148026,0.268243788,0.267857387,0.873264197,1.04528944,0.56068852,0.256621542,0.477729394,0.56645985,0.297836284,-0.845701591,0.134252398,0.306731214,1.001442562,0.307173693,1.864296133,0.537169253,0.477729394,0.642060584,D
B3A23,New,4,4,457.3353,224.806,0.521174333,0.924939654,0.823883935,2.0343554,0.50141486,0.53294054,0.732831875,0.711718168,0.749946342,0.929553513,0.757862235,0.788369754,0.939112856,0.048506387,0.178040431,-0.348112199,0.052844758,0.949025454,1.029665825,0.977179077,1.226546818,0.839483507,0.939112856,1.010555279,D
B3A23,Old,4,4,247.1887,101.1935,0.541860949,0.855424725,0.164543109,2.442732982,-1.986937941,3.429670923,0.507682297,0.314155538,0.655174187,0.96341835,0.481131381,0.526959339,0.652951669,0.078838908,0.923562908,-0.480252331,0.131568919,0.47949926,1.616022115,0.774881409,2.002401816,0.807041875,0.652951669,0.734356435,D
B3A24,New,15,16,676.4915,215.610125,0.380872381,0.814456078,0.631126414,3.137568331,0.577943898,1.559624433,0.334315484,0.592520493,0.933464151,0.49054029,0.697907377,0.681525026,0.848995888,-0.117790091,-0.179336854,-0.531028297,0.175423713,0.634754417,0.564226028,0.358144963,0.702873055,0.802742434,0.848995888,0.747653111,D
B3A24,Old,15,16,490.3383667,81.728075,0.245686445,0.787708454,0.090197226,5.999631909,-0.467216821,5.46684873,0.300775614,0.321290122,0.853170795,0.450133802,0.609641336,0.668191576,0.527014988,-0.439957228,0.178315628,-1.0797543,1.687273093,0.376583591,0.936149586,0.352538573,0.7383584,1.267879645,0.527014988,0.714559546,D
B4A02,New,11,16,293.239,205.145875,0.668272942,0.820448643,0.331358663,1.429416994,-0.014315671,0.443732665,0.599063837,0.449361214,0.728404045,1.371630067,0.609825789,0.436753212,0.736868172,1.225262536,0.023953703,-1.134568584,0.485880287,0.616912025,1.333145403,0.822433429,2.249216239,0.592715533,0.736868172,0.83720813,D
B4A02,Old,11,16,256.3536667,74.7521625,0.646313141,0.800926206,0.25737713,3.429381279,0.368166303,2.061214976,0.26274882,0.272229861,0.763149836,0.606343371,0.53213611,0.433333376,0.511579379,0.061362517,0.078089137,-0.641637561,0.359131473,0.356718757,0.965172664,0.344295193,1.139451654,0.847050123,0.511579379,0.697289163,D
B4A04,New,3,4,380.014,196.519,0.60696863,0.930504223,0.648565993,1.93372651,0.368711595,0.565014914,0.641917923,0.697354243,0.910622963,1.003034861,0.789681138,0.639975686,0.883083322,0.405151622,-0.134974569,-0.50799983,0.033198458,0.765799097,0.920504793,0.704921739,1.270177054,0.724705891,0.883083322,0.867187816,D
B4A04,Old,3,4,286.05,68.0369,0.129211652,0.6670201,-0.167018551,4.204336176,1.923650748,1.280685428,0.388959741,0.232267904,0.862579118,0.397484907,0.831836635,0.978552227,0.27922298,-0.321170904,-0.200988989,3.189796381,8.092107724,0.26927142,1.674616825,0.450926451,0.477840107,3.504554766,0.27922298,0.96435981,D
B4A06,New,8,8,184.8075,88.78425,0.539770122,0.832927681,0.269588417,2.081534732,0.557836603,0.523698129,0.3435571,0.614441605,1.029645651,0.714262082,0.785790153,0.480995853,0.781941086,-0.13250349,0.041476552,-1.076781084,0.455166683,0.596750547,0.559137104,0.333665372,0.908973062,0.615130554,0.781941086,0.763165612,D
B4A06,Old,8,8,185.3449,43.42425,0.605565909,0.738856364,-0.044283087,4.268234915,-7.34886461,10.61709952,0.479777529,0.287214334,0.832090519,0.580780833,0.581145876,0.826090501,0.49422072,-0.471155161,0.470527016,2.406544283,-0.612628196,0.345171982,1.670451204,0.576592953,0.999371856,1.671501148,0.49422072,0.698416654,D
B4A07,New,3,4,316.2287,123.2435,0.560496327,0.986148475,0.301044546,2.565885422,0.094671499,1.471213923,0.685529693,0.702153316,0.981671931,1.053053849,0.953443518,0.650992058,0.736439341,0.109949995,-0.005475708,-0.825094419,0.606501638,0.7152627,0.976324796,0.698328709,1.104474287,0.883972409,0.736439341,0.971244554,D
B4A07,Old,3,4,59.669,38.556,0.647918568,0.927959157,0.035330545,1.547593111,0.121751018,0.425842093,0.845056142,0.671999344,0.916073394,1.292801075,0.955154628,0.653662933,0.703550321,0.322501308,0.030997946,-0.521081262,0.384293097,0.733564962,1.257525248,0.922476461,1.353499253,0.929091941,0.703550321,1.042661683,D
B4A08,New,8,8,348.0059,192.532,0.788601031,0.872117149,0.354922704,1.807522386,-0.615889595,1.423411981,0.9765497,0.549061299,0.850770115,1.461431317,0.812174293,0.668214571,0.676038756,0.696141942,0.103264083,-0.177114965,0.154101764,0.645369753,1.778580465,1.147842035,1.799406025,0.988426426,0.676038756,0.954634253,D
B4A08,Old,8,8,148.8764,74.242825,0.621555597,0.797624276,-0.06498599,2.005263135,0.711384784,0.293878351,0.480027074,0.370206787,0.84164379,0.794757162,0.754952623,0.603992133,0.490370886,0.089181744,-0.036457192,0.594527183,-0.077430674,0.439861603,1.296645796,0.570344698,1.052724552,1.231704717,0.490370886,0.896997794,D
B4A10,New,6,8,385.633,118.30375,0.439403683,0.83454642,-0.008981801,3.259685344,1.425231975,0.834453368,0.341197383,0.338367756,0.914977678,0.789011031,0.73233364,0.432436771,0.462040438,0.365985896,-0.288593041,-1.988993982,1.864955967,0.369809848,1.008362579,0.372902412,1.077392855,0.935928408,0.462040438,0.80038416,D
B4A10,Old,6,8,322.6375,61.810275,0.230762764,0.679620323,-0.040220735,5.219803665,1.232151107,2.987652559,0.22002711,0.170011055,0.928045128,0.277492707,0.400138395,0.792911326,0.424880634,0.261514654,-0.568022826,0.632766542,1.849927886,0.183192659,1.294192962,0.23708665,0.693491828,1.866197854,0.424880634,0.431162648,D
B4A11,New,2,4,301.998,287.45,0.898473308,0.303621324,0.258207135,1.050610541,-2.384485549,2.43509609,0.776808469,0.427004882,1.318612183,0.944917961,0.500450352,0.822090913,0.853241245,-0.067142397,0.955277667,0.054816849,-0.126500468,0.323829013,1.819202783,0.589110642,1.88813527,0.963491765,0.853241245,0.379528081,D
B4A11,Old,2,4,225.18,128.1545,0.714205612,0.720812414,-0.679688848,1.757097878,0.010818837,0.746279041,0.369179739,0.215912093,0.665104314,0.732865213,0.486176738,0.503748482,0.444102064,0.511410134,-0.004005202,0.007049252,0.27960517,0.324628917,1.709861329,0.555070431,1.507404932,1.134307904,0.444102064,0.730978176,D
B4A14,New,2,2,186.0361333,128.322,0.063635186,0.036671428,0.853161359,1.449760239,-0.67108948,1.120849718,1.080857241,0.998903712,1.615710317,1.091355583,1.000167702,0.990380457,0.998736222,0.086698168,0.004474424,-0.01722879,0.000566108,0.618244311,1.082043472,0.668967221,1.091172591,0.991633662,0.998736222,0.619026623,D
B4A14,Old,2,2,90.373,49.0463,0.097107614,0.172186999,0.879032021,1.842605864,0.459311372,0.383294492,0.720575687,1.158155173,1.100436745,0.722882993,1.161303579,0.996808189,0.997288903,-0.378976886,0.001452358,-0.003824747,0.002860937,1.052450472,0.622175425,0.65480882,0.622475472,0.999517979,0.997288903,1.055311524,D
B4A15,New,2,2,121.514,122.741,0.970841695,0.905722014,-0.209719601,0.99000334,-0.226408887,0.216412228,0.685382345,0.605850391,0.856679936,1.33429362,0.86814571,0.513666808,0.697867172,0.55755569,-0.020609063,-0.283481452,-0.17474541,0.707207402,1.131273256,0.80004482,1.536946627,0.736052402,0.697867172,1.013383965,D
B4A15,Old,2,2,28.8505,36.072,0.337675043,0.99735409,0.815663918,0.799803171,-0.045460468,-0.15473636,1.265671869,0.767243069,0.802617807,1.349537629,0.80479777,0.937855931,0.953336475,0.718711457,-0.04184594,-0.115126758,0.082913881,0.955925799,1.649636106,1.576929714,1.676865517,0.983761721,0.953336475,1.002716066,D
B4A16,New,6,8,180.1801,113.5335,0.55749476,0.956614424,-0.019568838,1.587021452,0.221437509,0.365583943,0.354018873,0.468373489,0.914766218,0.608121851,0.876096245,0.582151213,0.534614196,-0.134637758,-0.171235479,-1.224264867,1.410008063,0.512014414,0.755847377,0.387004752,0.694126763,1.08891836,0.534614196,0.957726934,D
B4A16,Old,6,8,234.6413333,34.331875,0.758342814,0.76284694,0.204639514,6.834503893,-7.571579683,13.40608358,0.330458074,0.50531962,0.900840808,0.669905815,0.692114451,0.49329035,0.730109911,-0.119040262,0.086952165,-0.198085151,-0.345427494,0.560942195,0.653958526,0.366832931,0.967911903,0.675638479,0.730109911,0.768298288,D
B4A18,New,10,16,315.2735333,120.933,0.726544959,0.969446145,0.518373133,2.607009942,0.315355281,1.291654662,1.108042152,0.739457626,0.95841889,1.292251122,0.948534387,0.857451105,0.779579145,0.100386047,0.261980084,-0.211134269,0.420891712,0.771539078,1.498452531,1.156114684,1.362366131,1.099889742,0.779579145,0.989686656,D
B4A18,Old,10,16,116.7791,42.8495125,0.70999227,0.888187156,-0.03032202,2.725330889,-1.058648236,2.783979125,0.482377976,0.199363912,0.85950506,0.823103428,0.681616089,0.586047828,0.292487099,0.136475701,0.071100589,1.312419535,1.702276719,0.231951994,2.419585223,0.561227617,1.207576289,2.003670695,0.292487099,0.793033248,D
B4A20,New,12,16,596.557,194.77575,0.72228059,0.849903614,0.434382613,3.062788874,-0.80251408,2.865302954,0.50153268,0.70598666,1.223209555,1.119204183,0.951239673,0.448115444,0.742175373,0.130160862,0.04641347,-0.587421226,-0.04802068,0.577159209,0.710399656,0.410013703,1.176574332,0.603786464,0.742175373,0.777658799,D
B4A20,Old,12,16,434.746,63.7150875,0.571157887,0.765717848,-0.023789941,6.823281848,-3.320575009,9.143856857,0.285308163,0.169580554,0.962624574,0.872237956,0.617058955,0.327099,0.274820668,0.040622423,0.37291829,-1.891849648,2.308490135,0.176164788,1.682434427,0.296385705,1.413540714,1.190227074,0.274820668,0.641017248,D
B4A21,New,2,2,910.8,702.109,0.313479904,0.770067249,0.077090134,1.297234475,0.344530149,-0.047295674,0.661380974,0.358330022,0.546843563,0.763618091,0.466858574,0.866114857,0.767534414,0.741108201,-0.105456348,0.008645306,0.264726595,0.655269708,1.845731403,1.209451878,1.635651854,1.128437815,0.767534414,0.853733326,D
B4A21,Old,2,2,613.06,263.6203,0,0.763161097,-0.639626644,2.325541698,0.83165798,0.493883718,0.253572879,0.243276603,0.831387739,0.253572879,0.573106517,1,0.424487588,-0.198691866,-0.358854818,0,4.549706411,0.292615096,1.04232333,0.304999541,0.442453316,2.355781486,0.424487588,0.689337225,D
B4A22,New,2,4,515.614,385.5675,0.536395974,0.774134632,0.126724628,1.337285949,0.217971777,0.119314172,0.370013462,0.541195533,0.599057979,0.435666976,0.633942486,0.849303441,0.85369816,-0.334057444,0.021291674,-0.053254083,0.042984863,0.903410943,0.683696444,0.617658849,0.68723423,0.99485214,0.85369816,1.058232272,D
B4A22,Old,2,4,250.872,103.8646,0.648056557,0.341972845,-0.438306856,2.415375402,-1.804250217,3.219625619,0.306924904,0.334995457,0.996332664,0.355698911,0.468884342,0.86287839,0.714452215,-0.504684334,0.263291265,0.178088274,0.280567487,0.336228519,0.91620617,0.308054644,0.758606931,1.207748219,0.714452215,0.470610228,D
