Richness,plot,Order,SPEI_mean,Driest,NBE,NIIE,NIIE.Syn,NIIE.SpVar,NIDE,NIDE.SpVar,NIDE.Syn
16,B1A01,1,0.518395017,-0.623814083,-0.194690431,-0.107934088,-0.085912113,-0.020574701,-0.167778137,0.332268718,-0.201043818
16,B1A01,2,0.481813883,-0.623814083,-0.118818823,0.232197367,0.157316662,0.13557064,-0.430706096,-0.119795061,-0.297252699
16,B1A01,3,0.201212317,-0.623814083,-0.121044772,0.085269701,0.001701169,0.160157067,-0.388118417,-0.316724334,-0.172177347
16,B1A01,4,0.1530159,-0.623814083,-0.042783758,0.099953167,0.032524854,0.139753305,-0.314171467,-0.388395213,-0.022407047
16,B1A01,5,0.469598267,-0.623814083,-0.088347382,-0.049456491,-0.110591365,0.114669511,-0.195903154,-0.520094008,0.315599608
16,B1A01,6,0.484303917,-0.550285833,-0.217811415,-0.175620333,-0.242480226,0.091887704,-0.272692642,-0.38641626,0.073749872
16,B1A01,7,0.102059667,-0.550285833,-0.204500534,-0.254787317,-0.316753147,0.011558653,0.185685159,-0.266428738,0.455780332
16,B1A01,8,0.1212659,-0.550285833,-0.178896487,-0.244197219,-0.294374383,-0.045541188,0.327391354,-0.201437613,0.530282727
16,B1A01,9,-0.23300125,-1.2581535,-0.109975053,-0.103234617,-0.113510256,-0.036876387,-0.10867957,-0.173969667,0.074452628
16,B1A01,10,-0.753896933,-1.549352083,-0.143419372,0.076973079,0.122574658,-0.030882961,-0.593641697,-0.22202585,-0.376086353
16,B1A01,11,-0.66072695,-1.549352083,-0.076792427,0.028635269,0.061774433,-0.041861028,-0.366582465,-0.24504813,-0.102669927
16,B1A01,12,-0.659007883,-1.549352083,-0.18506348,0.083556589,0.086169424,0.02151928,-0.726142438,-0.417985076,-0.373374306
16,B1A01,13,-0.63677245,-1.549352083,0.059408096,0.035946606,-0.01745834,0.091638666,-0.02375574,-0.283371458,0.367652502
16,B1A01,14,-0.40832675,-1.549352083,0.348746908,0.054775401,-0.035886041,0.171080504,0.689216235,-0.167258746,0.962876117
16,B1A01,15,-0.071427333,-0.440715583,0.363008566,0.002190984,-0.085040697,0.146817218,1.081961624,0.108214739,0.845478327
16,B1A06,1,0.518395017,-0.623814083,0.467913694,0.012209977,-0.024474125,0.067630639,0.63665978,-0.068152115,0.47288034
16,B1A06,2,0.481813883,-0.623814083,0.439679423,0.232886489,0.202147562,0.084877813,0.230130316,0.192235958,0.046051955
16,B1A06,3,0.201212317,-0.623814083,0.029898622,0.135633023,0.12011628,0.068140696,-0.211708159,0.389730462,-0.309935741
16,B1A06,4,0.1530159,-0.623814083,0.05776881,0.183727413,0.16925984,0.076126695,-0.254302137,0.325755386,-0.333096177
16,B1A06,5,0.469598267,-0.623814083,0.236903248,0.155452096,0.11978035,0.10145829,0.041439105,0.433665905,-0.200382646
16,B1A06,6,0.484303917,-0.550285833,0.02306028,-0.023932966,-0.095548224,0.136724497,0.006469959,-0.234561843,0.208582739
16,B1A06,7,0.102059667,-0.550285833,0.120209456,0.072196332,0.017024897,0.11889503,-0.006574902,-0.161808085,0.136329857
16,B1A06,8,0.1212659,-0.550285833,-0.049241787,0.008480442,-0.007297192,0.035080551,-0.241314546,-0.040743207,-0.16778068
16,B1A06,9,-0.23300125,-1.2581535,-0.016587572,0.02999299,0.064204822,-0.033402644,-0.212720943,0.092019973,-0.222967459
16,B1A06,10,-0.753896933,-1.549352083,-0.096005817,0.021907354,0.104343972,-0.101126518,-0.395952295,-0.072632355,-0.276105807
16,B1A06,11,-0.66072695,-1.549352083,-0.146062567,-0.007034539,0.00688772,-0.033862046,-0.48223395,-0.275781802,-0.204036535
16,B1A06,12,-0.659007883,-1.549352083,-0.222764376,0.112422139,0.113793067,0.03422351,-0.836748335,-0.355554557,-0.565355012
16,B1A06,13,-0.63677245,-1.549352083,-0.218546845,-0.010152439,0.011903636,-0.05938681,-0.714524021,-0.199890891,-0.503484352
16,B1A06,14,-0.40832675,-1.549352083,-0.272169519,0.012225747,0.02708848,-0.039878394,-0.919639388,-0.220642402,-0.716160752
16,B1A06,15,-0.071427333,-0.440715583,-0.103235622,0.006066679,0.048919308,-0.088557815,-0.40480341,-0.037446075,-0.288433477
16,B1A11,1,0.518395017,-0.623814083,0.396492969,0.037247498,0.003101131,0.064725171,0.493168699,0.034262912,0.30772579
16,B1A11,2,0.481813883,-0.623814083,0.016364543,0.276290815,0.22417328,0.109559909,-0.302710073,0.001198181,-0.238521561
16,B1A11,3,0.201212317,-0.623814083,-0.065488259,0.094429922,0.031815675,0.128123066,-0.310494728,-0.112309223,-0.206625894
16,B1A11,4,0.1530159,-0.623814083,0.146903208,-0.041104082,-0.101548718,0.117189306,0.303611483,-0.28749882,0.516741406
16,B1A11,5,0.469598267,-0.623814083,0.252505274,-0.072480014,-0.118314287,0.079569948,0.697360175,-0.030502232,0.579910817
16,B1A11,6,0.484303917,-0.550285833,0.108656295,0.10601924,0.021484621,0.171919243,-0.093228822,-0.25431895,0.128526546
16,B1A11,7,0.102059667,-0.550285833,0.167412508,-0.000117991,-0.061366608,0.116977542,0.289785043,-0.113706778,0.360862127
16,B1A11,8,0.1212659,-0.550285833,0.24059008,-0.110242887,-0.148128868,0.025605518,1.088837583,0.069123061,0.820603321
16,B1A11,9,-0.23300125,-1.2581535,0.03971704,-0.01898327,-0.002892167,-0.031761569,0.061691366,-0.096568244,0.158705157
16,B1A11,10,-0.753896933,-1.549352083,-0.154246599,0.031012022,0.135205991,-0.119564658,-0.55694335,-0.337238324,-0.248426565
16,B1A11,11,-0.66072695,-1.549352083,-0.070717588,0.025733716,0.085276309,-0.077138421,-0.344786879,-0.249707055,-0.073828299
16,B1A11,12,-0.659007883,-1.549352083,-0.071273517,0.056735276,0.087000811,-0.028094622,-0.413877412,-0.396752109,0.030673714
16,B1A11,13,-0.63677245,-1.549352083,-0.259804065,-0.031132612,0.015731319,-0.109348019,-0.817555083,-0.139255218,-0.639540978
16,B1A11,14,-0.40832675,-1.549352083,-0.223237199,-0.022598828,0.028931901,-0.115553272,-0.724594818,0.000826166,-0.603825604
16,B1A11,15,-0.071427333,-0.440715583,-0.2301811,0.10196404,0.147067054,-0.034441157,-0.896442963,0.02663188,-0.765166273
16,B1A20,1,0.518395017,-0.623814083,-0.179671185,-0.003767074,0.069155039,-0.063305248,-0.241985745,0.020799202,-0.175751402
16,B1A20,2,0.481813883,-0.623814083,-0.279878334,0.192084573,0.227916231,0.012528163,-0.606718452,-0.066705764,-0.446806065
16,B1A20,3,0.201212317,-0.623814083,-0.15071772,0.015153542,0.053515889,-0.018836773,-0.367557018,0.153475055,-0.343990493
16,B1A20,4,0.1530159,-0.623814083,-0.077146911,-0.011642494,0.005037323,-0.001571993,-0.225077067,0.158535525,-0.257956426
16,B1A20,5,0.469598267,-0.623814083,-0.081109627,-0.070697481,-0.064952301,-0.011376229,-0.133215406,0.04519766,-0.141462018
16,B1A20,6,0.484303917,-0.550285833,-0.153394016,-0.040303289,-0.071129702,0.054373994,-0.381710597,0.111774123,-0.361191911
16,B1A20,7,0.102059667,-0.550285833,-0.128489842,-0.138246494,-0.155815239,-0.022633847,-0.070780155,0.345170126,-0.245141377
16,B1A20,8,0.1212659,-0.550285833,-0.13026163,-0.155032927,-0.116901335,-0.150603236,0.007702902,0.630136003,-0.312139079
16,B1A20,9,-0.23300125,-1.2581535,-0.174645951,0.08560819,0.154437473,-0.050726279,-0.653942168,0.329888406,-0.631185452
16,B1A20,10,-0.753896933,-1.549352083,-0.167720589,0.177848826,0.284605784,-0.055015835,-0.739910683,0.070561651,-0.636047187
16,B1A20,11,-0.66072695,-1.549352083,-0.117176058,0.102809188,0.152011359,-0.027282465,-0.582242568,-0.295918568,-0.302843601
16,B1A20,12,-0.659007883,-1.549352083,0.025110823,0.151025863,0.181811054,0.010814608,-0.365096944,-0.287683343,-0.04470446
16,B1A20,13,-0.63677245,-1.549352083,0.077078551,-0.013855375,-0.012451352,-0.029827801,0.212398262,0.146963851,0.0848311
16,B1A20,14,-0.40832675,-1.549352083,0.036827557,-0.033748409,-0.014653462,-0.077881968,0.190590312,0.284639021,-0.036687084
16,B1A20,15,-0.071427333,-0.440715583,0.024854432,-0.084183024,-0.088689329,-0.08959491,0.471045398,0.49523754,0.007545873
16,B2A10,1,0.518395017,-0.623814083,0.194989299,-0.066740028,-0.002880307,-0.06490436,0.392580128,0.352166847,0.101625266
16,B2A10,2,0.481813883,-0.623814083,0.079612266,0.08451779,0.13001425,-0.013076661,-0.042199456,0.257767103,-0.149330673
16,B2A10,3,0.201212317,-0.623814083,0.076740036,-0.074831863,-0.047115251,-0.030047198,0.224497155,0.064196928,0.108481906
16,B2A10,4,0.1530159,-0.623814083,-0.122159667,-0.063467032,-0.055857617,-0.004223523,-0.233722541,-0.154623297,-0.113509827
16,B2A10,5,0.469598267,-0.623814083,-0.320831187,-0.074548686,-0.070525891,-0.010126079,-0.72136863,-0.184659584,-0.539020888
16,B2A10,6,0.484303917,-0.550285833,-0.248055222,-0.273836082,-0.317371467,-0.043397205,0.006042594,0.030313024,-0.020299521
16,B2A10,7,0.102059667,-0.550285833,-0.188912906,-0.209677621,-0.258028608,0.003895316,-0.010175209,0.0441736,-0.037926483
16,B2A10,8,0.1212659,-0.550285833,-0.126020042,-0.197961337,-0.24069641,-0.021303159,0.260091676,0.00581186,0.221214356
16,B2A10,9,-0.23300125,-1.2581535,-0.065019543,0.004947206,-0.023215351,0.05003726,-0.276883729,-0.02183306,-0.206643063
16,B2A10,10,-0.753896933,-1.549352083,-0.19690162,0.049125254,0.048569087,0.018945935,-0.683378433,-0.075982498,-0.538774962
16,B2A10,11,-0.66072695,-1.549352083,-0.218451651,-0.05344477,-0.041566713,-0.059398559,-0.615100039,0.008320687,-0.511385248
16,B2A10,12,-0.659007883,-1.549352083,-0.20752264,-0.035451267,0.018990941,-0.115914945,-0.62521948,0.031110405,-0.529184673
16,B2A10,13,-0.63677245,-1.549352083,-0.171374304,-0.048744162,0.103922333,-0.241614552,-0.485342807,0.198183538,-0.484910017
16,B2A10,14,-0.40832675,-1.549352083,-0.193637865,-0.048756841,0.079427127,-0.225440123,-0.571620676,-0.045394937,-0.442432178
16,B2A10,15,-0.071427333,-0.440715583,-0.186296337,-0.041687692,-0.004410945,-0.118195051,-0.56873237,-0.06249203,-0.427412371
16,B2A18,1,0.518395017,-0.623814083,-0.13224482,-0.145012756,-0.146759521,0.008293722,-0.015736761,-0.28169384,0.111317361
16,B2A18,2,0.481813883,-0.623814083,0.082366442,0.111994335,0.077351815,0.083399848,-0.071671194,-0.064860747,-0.040607429
16,B2A18,3,0.201212317,-0.623814083,-0.119536393,0.095781915,0.065868378,0.082298801,-0.395358266,0.097215565,-0.347223282
16,B2A18,4,0.1530159,-0.623814083,-0.052227633,0.16885326,0.165632113,0.060912236,-0.399756272,0.005130144,-0.327919629
16,B2A18,5,0.469598267,-0.623814083,-0.044186927,0.025930146,0.030037465,0.022552462,-0.236441699,-0.122918495,-0.127833276
16,B2A18,6,0.484303917,-0.550285833,-0.172684621,-0.214968108,-0.245759585,-0.028454986,0.055360952,-0.493915521,0.6578248
16,B2A18,7,0.102059667,-0.550285833,-0.184572871,-0.178234084,-0.158390477,-0.124857432,-0.130873168,0.166512183,-0.202865487
16,B2A18,8,0.1212659,-0.550285833,0.04899459,-0.085486324,-0.05652628,-0.082144768,0.321779542,0.105733674,0.180026057
16,B2A18,9,-0.23300125,-1.2581535,-0.001831457,0.088251369,0.134947586,-0.02433914,-0.294601538,-0.044617803,-0.207293379
16,B2A18,10,-0.753896933,-1.549352083,-0.009540259,0.120409688,0.112674001,0.053570107,-0.371715772,-0.223823858,-0.138237793
16,B2A18,11,-0.66072695,-1.549352083,0.028320566,-0.043980036,-0.046656526,-0.029084956,0.150692785,-0.24551774,0.470725455
16,B2A18,12,-0.659007883,-1.549352083,0.161260166,-0.004589957,-0.011947516,-0.004454508,0.403313448,0.030754477,0.352118431
16,B2A18,13,-0.63677245,-1.549352083,-0.155817932,0.010213622,0.050096902,-0.071326197,-0.560742526,0.054980755,-0.484181286
16,B2A18,14,-0.40832675,-1.549352083,-0.240135975,-0.001854438,-0.008408915,-0.014889894,-0.807804574,0.058624185,-0.695708573
16,B2A18,15,-0.071427333,-0.440715583,-0.219861912,0.029987084,-0.001400751,0.040823436,-0.80047804,0.091731843,-0.700143192
16,B2A22,1,0.518395017,-0.623814083,-0.194599309,0.066605078,0.047611156,0.046757376,-0.313021882,-0.527965896,-0.027728275
16,B2A22,2,0.481813883,-0.623814083,-0.200057369,0.258948679,0.231887962,0.082149725,-0.539003635,-0.325987357,-0.324277245
16,B2A22,3,0.201212317,-0.623814083,0.077644133,0.102583706,0.023773585,0.152600658,-0.10005477,0.084323586,-0.134044762
16,B2A22,4,0.1530159,-0.623814083,0.044168119,0.047080857,-0.004124788,0.110423312,-0.090822209,0.078253065,-0.127240924
16,B2A22,5,0.469598267,-0.623814083,0.063584042,-0.019848464,-0.093850335,0.144197342,0.081551331,0.211032185,-0.074856839
16,B2A22,6,0.484303917,-0.550285833,-0.007518845,-0.032902929,-0.125193998,0.181312871,-0.04362376,0.034182628,-0.062181973
16,B2A22,7,0.102059667,-0.550285833,0.031168594,-0.154937321,-0.242094378,0.149879766,0.580875207,-0.131079088,0.651066055
16,B2A22,8,0.1212659,-0.550285833,0.001160571,-0.036858208,-0.062608152,0.034917256,0.002763818,-0.05654042,0.057832857
16,B2A22,9,-0.23300125,-1.2581535,-0.060439418,0.090936525,0.098357484,0.026036345,-0.421399401,-0.060768889,-0.310228111
16,B2A22,10,-0.753896933,-1.549352083,-0.113920551,0.163993361,0.251899112,-0.042203293,-0.629192356,-0.213027021,-0.419215879
16,B2A22,11,-0.66072695,-1.549352083,-0.061163924,0.220001732,0.252703193,0.031911277,-0.603653288,-0.326262087,-0.303609598
16,B2A22,12,-0.659007883,-1.549352083,0.037850575,0.291898582,0.292809817,0.084160247,-0.524660668,-0.303849434,-0.217729491
16,B2A22,13,-0.63677245,-1.549352083,0.321952094,-0.113600655,-0.180603345,0.048105442,1.952815702,0.159472702,1.428462561
16,B2A22,14,-0.40832675,-1.549352083,0.607738684,-0.086464112,-0.162764909,0.084128562,2.906114587,0.439978689,1.609872064
16,B2A22,15,-0.071427333,-0.440715583,0.453990065,0.025233686,-0.020154101,0.064438574,1.194568049,0.271571989,0.703293339
16,B3A09,1,0.518395017,-0.623814083,0.314036595,0.160664241,0.126127923,0.06718958,0.213972998,-0.069767108,0.173395166
16,B3A09,2,0.481813883,-0.623814083,0.199968105,0.237369349,0.226847993,0.063629425,-0.058243161,-0.093881459,-0.01566335
16,B3A09,3,0.201212317,-0.623814083,0.213171252,-0.071536839,-0.036714832,-0.038832917,0.5003673,0.104162985,0.27724715
16,B3A09,4,0.1530159,-0.623814083,-0.088437101,-0.004535245,0.045457762,-0.042626879,-0.258637232,-0.292276772,-0.042462657
16,B3A09,5,0.469598267,-0.623814083,-0.085199219,-0.021103839,-0.002316504,-0.012611688,-0.24230798,-0.582524431,0.354501044
16,B3A09,6,0.484303917,-0.550285833,-0.052901293,-0.308101393,-0.352480013,-0.082305867,1.653223844,-0.391198454,2.372263909
16,B3A09,7,0.102059667,-0.550285833,-0.025280887,-0.206884311,-0.253802423,0.001830149,0.721656069,-0.242488065,0.975997582
16,B3A09,8,0.1212659,-0.550285833,-0.288504044,-0.228628358,-0.289511601,0.007726118,-0.415289249,-0.207911476,-0.214926669
16,B3A09,9,-0.23300125,-1.2581535,-0.280050524,-0.105149143,-0.122920664,-0.02353994,-0.700672077,-0.211785367,-0.499403024
16,B3A09,10,-0.753896933,-1.549352083,-0.248421112,-0.09027342,-0.082597067,-0.070088415,-0.6345283,-0.400337313,-0.290485131
16,B3A09,11,-0.66072695,-1.549352083,-0.159151049,-0.053218102,-0.05662335,-0.03367906,-0.42183952,-0.432449459,0.051815222
16,B3A09,12,-0.659007883,-1.549352083,-0.072337239,0.020232192,0.033667254,-0.023407115,-0.340660308,-0.4119138,0.153354383
16,B3A09,13,-0.63677245,-1.549352083,-0.058459983,0.047682524,0.133226354,-0.103589699,-0.367815483,-0.181885832,-0.145893052
16,B3A09,14,-0.40832675,-1.549352083,0.001215654,0.081072656,0.112674875,-0.024933828,-0.292127133,-0.424918209,0.285588906
16,B3A09,15,-0.071427333,-0.440715583,-0.027166583,0.0653131,0.126945699,-0.073961512,-0.330092465,-0.439240263,0.278234734
16,B3A16,1,0.518395017,-0.623814083,-0.097173889,0.021843306,0.03360898,0.007404286,-0.149969074,0.000862333,-0.108228253
16,B3A16,2,0.481813883,-0.623814083,-0.242047704,0.125148302,0.11575815,0.053599448,-0.527038611,-0.33842067,-0.308508369
16,B3A16,3,0.201212317,-0.623814083,-0.068986914,-0.156824379,-0.209447591,0.090735162,0.105055626,-0.054494752,0.095274804
16,B3A16,4,0.1530159,-0.623814083,-0.187439796,-0.101173668,-0.110399061,0.010769431,-0.321127989,0.045649326,-0.283483196
16,B3A16,5,0.469598267,-0.623814083,-0.239078931,-0.116075485,-0.113799461,-0.024872663,-0.456210476,0.023155139,-0.381813015
16,B3A16,6,0.484303917,-0.550285833,-0.0115855,-0.235034027,-0.265227224,-0.046118158,0.914049032,0.528977687,0.252082925
16,B3A16,7,0.102059667,-0.550285833,-0.012704253,-0.260569659,-0.2750886,-0.142372415,1.387727597,0.631722287,0.443753529
16,B3A16,8,0.1212659,-0.550285833,0.052413482,-0.114885199,-0.050758249,-0.154269835,0.478812712,0.558712879,-0.0177657
16,B3A16,9,-0.23300125,-1.2581535,0.126822364,0.100743747,0.132339868,-0.001505596,-0.05344923,0.382044506,-0.256449753
16,B3A16,10,-0.753896933,-1.549352083,0.152691515,0.266591858,0.275383006,0.06983266,-0.296517245,0.211169835,-0.347288705
16,B3A16,11,-0.66072695,-1.549352083,0.05441081,0.273076217,0.271105726,0.08332826,-0.468116442,-0.064201656,-0.343950666
16,B3A16,12,-0.659007883,-1.549352083,-0.058827213,0.298786959,0.267967509,0.121965928,-0.681454895,-0.268600216,-0.43029086
16,B3A16,13,-0.63677245,-1.549352083,0.292983784,0.041839142,-0.015659432,0.101550165,0.578330303,0.150730056,0.368290699
16,B3A16,14,-0.40832675,-1.549352083,0.350134442,0.083946646,0.03410473,0.098473899,0.557359413,0.041239992,0.489546317
16,B3A16,15,-0.071427333,-0.440715583,0.315386982,0.020632313,-0.040147285,0.093217786,0.812889235,-0.044218264,0.863166226
16,B3A22,1,0.518395017,-0.623814083,0.2219889,-0.016651969,0.021458612,-0.027443844,0.344357386,0.195536131,0.134857174
16,B3A22,2,0.481813883,-0.623814083,0.189857387,0.117977968,0.092730165,0.072040792,0.068687201,-0.072285879,0.070294163
16,B3A22,3,0.201212317,-0.623814083,0.389421693,-0.166885572,-0.177744631,0.002691115,1.324517841,0.177368218,0.775230018
16,B3A22,4,0.1530159,-0.623814083,0.111617746,-0.139259987,-0.125533848,-0.043148408,0.559270707,-0.066552765,0.48645078
16,B3A22,5,0.469598267,-0.623814083,0.075665539,-0.13689241,-0.134542388,-0.035074324,0.508161622,-0.146534581,0.558645529
16,B3A22,6,0.484303917,-0.550285833,0.339871746,-0.091304897,-0.093562299,-0.015512836,1.096051974,0.148280273,0.696422939
16,B3A22,7,0.102059667,-0.550285833,0.314347142,-0.138151661,-0.118441053,-0.092249884,1.465636172,0.374507916,0.712221851
16,B3A22,8,0.1212659,-0.550285833,0.031395538,-0.178379188,-0.162940094,-0.134154147,0.831562651,0.267079724,0.406581423
16,B3A22,9,-0.23300125,-1.2581535,-0.16984742,0.002161479,0.044642716,-0.057823897,-0.538671709,0.141090701,-0.497657731
16,B3A22,10,-0.753896933,-1.549352083,-0.041566317,0.145528509,0.206486521,-0.021299475,-0.471188667,-0.012721229,-0.377835601
16,B3A22,11,-0.66072695,-1.549352083,-0.105175421,0.106305136,0.2023216,-0.076574887,-0.560857013,0.002831859,-0.461995577
16,B3A22,12,-0.659007883,-1.549352083,-0.122383683,0.046728699,0.124018161,-0.090686255,-0.524381116,-0.035061086,-0.409155705
16,B3A22,13,-0.63677245,-1.549352083,-0.105675746,-0.052716179,-0.013072055,-0.116318651,-0.242415872,0.312953203,-0.358524894
16,B3A22,14,-0.40832675,-1.549352083,-0.068791548,-0.015997133,0.025639606,-0.097248529,-0.2329162,0.253362096,-0.323370333
16,B3A22,15,-0.071427333,-0.440715583,-0.065348038,-0.006775932,0.037400113,-0.099690376,-0.24752613,0.845639321,-0.549231963
16,B3A24,1,0.518395017,-0.623814083,-0.067003265,0.041536582,0.136440224,-0.07712878,-0.127463245,0.187155066,-0.145399622
16,B3A24,2,0.481813883,-0.623814083,0.009458316,0.161444464,0.215048727,-0.00899779,-0.220141253,0.109369733,-0.215467684
16,B3A24,3,0.201212317,-0.623814083,0.073729545,-0.113164424,-0.115494111,0.004165476,0.322697569,0.357441661,0.016141305
16,B3A24,4,0.1530159,-0.623814083,-0.021685913,-0.068555607,-0.057602823,-0.010999041,0.003393307,0.249493169,-0.141753775
16,B3A24,5,0.469598267,-0.623814083,-0.219318894,-0.154430588,-0.173126241,-0.003492782,-0.323788132,0.052995308,-0.291258793
16,B3A24,6,0.484303917,-0.550285833,-0.200891222,-0.232324808,-0.249502001,-0.076841787,0.01600229,0.036994273,-0.016973829
16,B3A24,7,0.102059667,-0.550285833,-0.24627696,-0.183637394,-0.200706515,-0.055558632,-0.363547908,-0.44363021,0.054293868
16,B3A24,8,0.1212659,-0.550285833,-0.206248343,-0.235180565,-0.298392466,0.009914067,0.091637718,-0.565104483,1.002055592
16,B3A24,9,-0.23300125,-1.2581535,-0.125961996,-0.102965443,-0.149140376,0.038779932,-0.165515617,-0.53160633,0.556102426
16,B3A24,10,-0.753896933,-1.549352083,-0.21155523,0.035956324,0.036050972,0.01262938,-0.704086329,-0.478843515,-0.314153422
16,B3A24,11,-0.66072695,-1.549352083,-0.072516598,0.061503017,0.038348878,0.054681824,-0.418851258,-0.411638662,0.026507595
16,B3A24,12,-0.659007883,-1.549352083,-0.047079108,0.100198701,0.065775101,0.082579507,-0.434127113,-0.331615971,-0.07815205
16,B3A24,13,-0.63677245,-1.549352083,0.035382518,0.165036931,0.172928258,0.041845286,-0.373174445,-0.301674763,-0.025680638
16,B3A24,14,-0.40832675,-1.549352083,0.150194459,0.170192503,0.15968677,0.065844059,-0.154497493,-0.290916316,0.238597102
16,B3A24,15,-0.071427333,-0.440715583,0.110249967,0.063076445,0.086685707,-0.027191413,0.040042993,-0.148787538,0.264030709
16,B4A02,1,0.518395017,-0.623814083,-0.040576343,0.042287398,0.030491194,0.036942294,-0.093221349,0.12646212,-0.108288008
16,B4A02,2,0.481813883,-0.623814083,-0.023033914,0.195108652,0.195867549,0.048539604,-0.2895587,-0.255374124,-0.125248796
16,B4A02,3,0.201212317,-0.623814083,0.116743092,0.006101129,-0.034063923,0.087829808,0.121809118,0.016521644,0.062694535
16,B4A02,4,0.1530159,-0.623814083,-0.017293884,-0.051535003,-0.054024037,0.014995931,-0.025047027,-0.040557456,-0.009562314
16,B4A02,5,0.469598267,-0.623814083,-0.03743182,-0.113906272,-0.102646287,-0.039076135,0.09693371,0.116585077,-0.010494195
16,B4A02,6,0.484303917,-0.550285833,-0.160228484,0.013104833,0.047083232,-0.026006646,-0.476960481,-0.306630393,-0.229508749
16,B4A02,7,0.102059667,-0.550285833,-0.154519061,-0.082258734,-0.054297102,-0.069133277,-0.313994855,0.037266576,-0.276692401
16,B4A02,8,0.1212659,-0.550285833,-0.20143909,-0.110330717,-0.127039415,-0.018656112,-0.402740519,0.159977953,-0.400523176
16,B4A02,9,-0.23300125,-1.2581535,-0.210939612,0.10375405,0.099859094,0.045379557,-0.745361648,-0.010603289,-0.615902451
16,B4A02,10,-0.753896933,-1.549352083,-0.152696196,0.179993435,0.249468098,-0.018117326,-0.714364614,-0.115384623,-0.552127014
16,B4A02,11,-0.66072695,-1.549352083,-0.150750878,0.146498784,0.219441601,-0.035711133,-0.699023642,0.167904251,-0.632891754
16,B4A02,12,-0.659007883,-1.549352083,-0.163127976,0.191646875,0.260879505,-0.016743649,-0.776271676,0.043336846,-0.662125191
16,B4A02,13,-0.63677245,-1.549352083,-0.119276,0.046642865,0.169355174,-0.142592329,-0.525056607,0.190061987,-0.511808653
16,B4A02,14,-0.40832675,-1.549352083,-0.100293152,0.058493304,0.15232312,-0.110123257,-0.504015077,0.020395869,-0.416982466
16,B4A02,15,-0.071427333,-0.440715583,0.005369945,0.043211611,0.071250098,-0.044461797,-0.18429995,-0.091927072,-0.030467522
16,B4A18,1,0.518395017,-0.623814083,-0.299637639,0.085479114,0.123440164,-0.01494699,-0.456269993,-0.05573123,-0.305918202
16,B4A18,2,0.481813883,-0.623814083,-0.154997253,0.261339043,0.258581407,0.057422031,-0.488432861,-0.219579368,-0.31371114
16,B4A18,3,0.201212317,-0.623814083,-0.015251834,0.023226024,-0.015674717,0.08768952,-0.140509844,0.043510215,-0.145040512
16,B4A18,4,0.1530159,-0.623814083,0.169536405,0.141744655,0.094470414,0.113365387,-0.03324558,0.018559636,-0.051997593
16,B4A18,5,0.469598267,-0.623814083,0.190936301,0.070389727,0.054770768,0.060591807,0.127466771,-0.122525076,0.192984723
16,B4A18,6,0.484303917,-0.550285833,0.35398199,-0.222272836,-0.285322966,0.060169284,2.413416479,0.359918388,1.314763221
16,B4A18,7,0.102059667,-0.550285833,0.154155712,-0.170612751,-0.21774064,0.026284287,1.164925012,0.509770719,0.410001352
16,B4A18,8,0.1212659,-0.550285833,-0.117382455,-0.291750545,-0.356004979,-0.05870377,1.462713648,0.364254392,0.728654843
16,B4A18,9,-0.23300125,-1.2581535,-0.109824266,-0.062553918,-0.054864174,-0.042793252,-0.236310159,0.54284997,-0.427929484
16,B4A18,10,-0.753896933,-1.549352083,-0.204121372,-0.025781861,0.00473326,-0.062996918,-0.603146132,0.265138724,-0.585825192
16,B4A18,11,-0.66072695,-1.549352083,-0.207014702,-0.042737269,-0.003691773,-0.093026386,-0.597613309,0.172634642,-0.557394665
16,B4A18,12,-0.659007883,-1.549352083,-0.213226007,-0.055451147,-0.031697351,-0.087244071,-0.606786206,-0.180751447,-0.404823757
16,B4A18,13,-0.63677245,-1.549352083,0.471347625,-0.05539159,-0.061474707,-0.045423895,1.832651476,0.353952219,1.025737365
16,B4A18,14,-0.40832675,-1.549352083,0.622023685,-0.068972848,-0.091042305,-0.033575644,2.680186748,0.617105898,1.209522033
16,B4A18,15,-0.071427333,-0.440715583,0.79907015,-0.081555152,-0.147842182,0.051282288,3.789815732,0.899722878,1.450319803
16,B4A20,1,0.518395017,-0.623814083,-0.263576529,-0.084805399,-0.061521446,-0.018892968,-0.301097026,-0.080495535,-0.190164566
16,B4A20,2,0.481813883,-0.623814083,-0.143283848,0.078026963,0.091666015,0.021435235,-0.357096771,-0.227092048,-0.197479302
16,B4A20,3,0.201212317,-0.623814083,0.075062192,-0.078355957,-0.129774742,0.098067514,0.229901551,0.018814978,0.14169482
16,B4A20,4,0.1530159,-0.623814083,0.121215471,0.027148289,-0.011927042,0.088852793,0.087352204,-0.162215518,0.176783064
16,B4A20,5,0.469598267,-0.623814083,-0.121629766,-0.082423174,-0.138671063,0.098713027,-0.208783323,0.022062656,-0.187813106
16,B4A20,6,0.484303917,-0.550285833,-0.007187732,-0.089249042,-0.167860533,0.143523478,0.119264076,0.031409195,0.068635456
16,B4A20,7,0.102059667,-0.550285833,0.040294315,-0.061492923,-0.144914697,0.154815904,0.175233469,-0.050067359,0.192537659
16,B4A20,8,0.1212659,-0.550285833,-0.056011667,-0.154513892,-0.2115301,0.048760815,0.299980592,-0.054707243,0.317616391
16,B4A20,9,-0.23300125,-1.2581535,-0.196945539,-0.006535928,-0.027710374,0.033599917,-0.59590079,-0.189213572,-0.403556825
16,B4A20,10,-0.753896933,-1.549352083,-0.155524741,0.125328655,0.188302669,-0.031074337,-0.672053652,-0.529258237,-0.211112341
16,B4A20,11,-0.66072695,-1.549352083,-0.157844218,0.047062315,0.039275815,0.025238229,-0.602225816,-0.530840446,-0.074668369
16,B4A20,12,-0.659007883,-1.549352083,-0.167405234,0.060419588,0.044849546,0.039135608,-0.657023176,-0.459713152,-0.232412836
16,B4A20,13,-0.63677245,-1.549352083,-0.065832265,0.05915733,0.069374982,-0.003269647,-0.410497111,-0.255473763,-0.121236311
16,B4A20,14,-0.40832675,-1.549352083,-0.031724907,0.051438582,0.103169363,-0.066224026,-0.30813601,-0.077954702,-0.170013389
16,B4A20,15,-0.071427333,-0.440715583,-0.019439741,-0.137342357,-0.165508613,-0.100733712,0.727195983,0.219384482,0.419429908
8,B1A02,1,0.518395017,-0.623814083,-0.144960897,0.215391398,0.115888558,0.150302347,-0.44096622,-0.080631545,-0.377346211
8,B1A02,2,0.481813883,-0.623814083,-0.132981975,0.340371577,0.224659988,0.172643864,-0.56064363,0.205176189,-0.563658064
8,B1A02,3,0.201212317,-0.623814083,-0.004432217,-0.047165453,-0.10828323,0.10707957,0.066224137,0.360540485,-0.230774882
8,B1A02,4,0.1530159,-0.623814083,-0.004835427,-0.057394501,-0.106250185,0.079926311,0.078626904,0.035752505,-0.031028884
8,B1A02,5,0.469598267,-0.623814083,0.00264249,-0.132413993,-0.216360162,0.131448712,0.309067275,-0.023812433,0.213966119
8,B1A02,6,0.484303917,-0.550285833,-0.022011232,-0.162000491,-0.259368787,0.152004375,0.35673482,-0.163026317,0.43211842
8,B1A02,7,0.102059667,-0.550285833,0.096958257,-0.113570262,-0.222268342,0.175587951,0.471335348,0.14165131,0.204111953
8,B1A02,8,0.1212659,-0.550285833,1.530400929,0.052731881,-0.091700175,0.244629346,2.566655121,1.154085185,0.582012653
8,B1A02,9,-0.23300125,-1.2581535,1.422263144,0.309743363,0.100054471,0.324961402,1.278165111,0.880777469,0.169982201
8,B1A02,10,-0.753896933,-1.549352083,0.551373675,0.135308788,0.02994857,0.176629994,0.566378922,0.053253635,0.392586152
8,B1A02,11,-0.66072695,-1.549352083,0.350403325,0.048332058,-0.073682104,0.197586604,0.467951387,-0.184976661,0.648440897
8,B1A02,12,-0.659007883,-1.549352083,0.090831631,0.128147613,0.010775808,0.19315736,-0.177179163,-0.485493048,0.44239606
8,B1A02,13,-0.63677245,-1.549352083,-0.013767378,-0.158194028,-0.229449878,0.042717115,0.354539852,-0.53630292,1.487981222
8,B1A02,14,-0.40832675,-1.549352083,-0.034871283,-0.084967136,-0.052748743,-0.08538964,0.00609259,-0.231260637,0.250637455
8,B1A02,15,-0.071427333,-0.440715583,-0.176810954,-0.1029703,0.064014957,-0.232342806,-0.351291732,-0.213348671,-0.167165137
8,B1A03,1,0.518395017,-0.623814083,-0.251289357,-0.216756267,-0.211802488,-0.003617104,0.037100285,-0.726368369,0.831390444
8,B1A03,2,0.481813883,-0.623814083,-0.252294105,0.068755909,0.015105101,0.101890589,-0.489818614,-0.7609864,0.22135043
8,B1A03,3,0.201212317,-0.623814083,-0.044283886,0.108954209,-0.003958023,0.190174191,-0.266944979,-0.576265275,0.275130075
8,B1A03,4,0.1530159,-0.623814083,0.076859795,0.168601198,0.053826304,0.190488498,-0.191345699,-0.391534999,0.126189766
8,B1A03,5,0.469598267,-0.623814083,0.148241191,0.099162061,0.006173339,0.159454284,0.010192958,-0.185659113,0.114944857
8,B1A03,6,0.484303917,-0.550285833,-0.183803485,0.111308059,-0.053554249,0.27887475,-0.536730042,-0.032534111,-0.480727896
8,B1A03,7,0.102059667,-0.550285833,0.068540042,-0.096719949,-0.190060122,0.142295177,0.338758088,0.076964783,0.161153721
8,B1A03,8,0.1212659,-0.550285833,0.106460086,-0.154724367,-0.296065565,0.260493943,0.690725346,-0.306695003,1.084193579
8,B1A03,9,-0.23300125,-1.2581535,0.238163174,0.15613592,-0.081110117,0.413887556,0.026697578,-0.422864322,0.548476273
8,B1A03,10,-0.753896933,-1.549352083,0.30255785,0.277539529,0.029645468,0.396810864,-0.075845123,-0.384805379,0.35609965
8,B1A03,11,-0.66072695,-1.549352083,0.268050232,0.212043995,0.05715656,0.251884174,-0.030078379,-0.348605036,0.364037322
8,B1A03,12,-0.659007883,-1.549352083,-0.061415107,0.262857904,0.102654669,0.258061651,-0.558906705,-0.452099843,-0.188495488
8,B1A03,13,-0.63677245,-1.549352083,0.10502871,-0.007527089,0.007652639,-0.023499592,0.127499239,0.159947584,-0.045975231
8,B1A03,14,-0.40832675,-1.549352083,0.337329076,0.050914061,0.012254463,0.064101646,0.438964537,0.173497973,0.187881508
8,B1A03,15,-0.071427333,-0.440715583,0.588204459,0.105569135,-0.010961726,0.187688613,0.738323558,0.31067636,0.285535626
8,B1A12,1,0.518395017,-0.623814083,-0.310935805,-0.007983552,0.177379416,-0.175102134,-0.434713764,0.249551924,-0.485405701
8,B1A12,2,0.481813883,-0.623814083,-0.141132856,0.113983413,0.263401491,-0.109413246,-0.381442992,-0.100817631,-0.320960836
8,B1A12,3,0.201212317,-0.623814083,0.279231761,0.118380109,0.151967628,0.001831572,0.17861104,0.323014388,-0.144118383
8,B1A12,4,0.1530159,-0.623814083,0.398682852,0.243841951,0.230853529,0.069276473,0.117022268,0.358266596,-0.196830218
8,B1A12,5,0.469598267,-0.623814083,0.522025668,0.091366808,0.091518137,0.034824949,0.612009574,0.399171074,0.087916942
8,B1A12,6,0.484303917,-0.550285833,0.480358337,0.130854049,0.113922488,0.061491766,0.451644823,0.541193736,-0.085956254
8,B1A12,7,0.102059667,-0.550285833,0.488238979,0.25496734,0.140111068,0.192687049,0.208642012,0.322406795,-0.111875724
8,B1A12,8,0.1212659,-0.550285833,0.318494728,-0.029911867,-0.110284686,0.122113042,0.657215652,0.269929161,0.232010085
8,B1A12,9,-0.23300125,-1.2581535,0.134653273,0.093519434,-0.016562979,0.182296078,-0.026006011,-0.015610793,-0.046770338
8,B1A12,10,-0.753896933,-1.549352083,0.017071537,0.0732123,0.050110906,0.054706465,-0.202011387,-0.272938338,0.040108261
8,B1A12,11,-0.66072695,-1.549352083,0.019773671,0.241440875,0.11375709,0.212373889,-0.420463556,-0.316096272,-0.161248488
8,B1A12,12,-0.659007883,-1.549352083,-0.025065873,0.186475791,0.175430476,0.065605566,-0.437892018,-0.435701912,-0.034650909
8,B1A12,13,-0.63677245,-1.549352083,0.105586305,0.212385671,0.178271116,0.095635657,-0.278005392,-0.268115711,-0.034274589
8,B1A12,14,-0.40832675,-1.549352083,0.152854817,0.171249844,0.193857997,0.027457482,-0.153449856,-0.262638801,0.110398242
8,B1A12,15,-0.071427333,-0.440715583,0.023347366,-0.084251237,-0.079567318,-0.052454338,0.156396308,-0.32431574,0.601335212
8,B1A14,1,0.518395017,-0.623814083,0.325630009,-0.166026255,-0.207859747,0.089424832,1.03120653,0.424915721,0.263640711
8,B1A14,2,0.481813883,-0.623814083,-0.091056909,-0.03004704,-0.073573354,0.083743271,-0.103157363,-0.43789591,0.225488287
8,B1A14,3,0.201212317,-0.623814083,-0.174785225,-0.287285385,-0.341122334,0.061750831,0.483753993,-0.530388498,1.180364132
8,B1A14,4,0.1530159,-0.623814083,-0.303501175,-0.273623477,-0.321963551,0.027745094,-0.029120954,-0.655240822,0.874951681
8,B1A14,5,0.469598267,-0.623814083,-0.280463419,-0.182169215,-0.230880152,0.045235236,-0.271398603,-0.697524415,0.641470214
8,B1A14,6,0.484303917,-0.550285833,-0.437202137,-0.162640927,-0.223006433,0.065924129,-0.773639025,-0.81618176,-0.064847454
8,B1A14,7,0.102059667,-0.550285833,-0.45495461,-0.12801165,-0.193390529,0.078222003,-0.89173652,-0.804714756,-0.367256529
8,B1A14,8,0.1212659,-0.550285833,-0.397372511,-0.137946711,-0.125183456,-0.065926719,-0.767896906,-0.727828476,-0.193022336
8,B1A14,9,-0.23300125,-1.2581535,-0.364862142,-0.103481746,-0.092648387,-0.050312732,-0.746899054,-0.734082352,-0.119369285
8,B1A14,10,-0.753896933,-1.549352083,-0.06059321,-0.013058062,0.06210903,-0.086967616,-0.197262608,-0.463169808,0.335273726
8,B1A14,11,-0.66072695,-1.549352083,-0.018747034,-0.058922193,-0.016980509,-0.07461078,-0.006320976,-0.424149923,0.54133808
8,B1A14,12,-0.659007883,-1.549352083,0.0131763,0.069823695,0.06060157,0.034663733,-0.218952017,-0.270426601,0.031340245
8,B1A14,13,-0.63677245,-1.549352083,0.108012204,-0.001101519,0.02309754,-0.031464259,0.116599335,0.085700745,0.004555268
8,B1A14,14,-0.40832675,-1.549352083,0.072473772,0.063394308,0.090797373,-0.011075374,-0.108074883,0.687726198,-0.459323185
8,B1A14,15,-0.071427333,-0.440715583,0.041086169,0.215997742,0.10887245,0.184127407,-0.389912314,0.406697624,-0.5420288
8,B2A12,1,0.518395017,-0.623814083,0.238132437,0.0276238,-0.028422508,0.104369929,0.299360559,0.300020668,-0.073216308
8,B2A12,2,0.481813883,-0.623814083,0.376537365,0.275219017,0.19676355,0.132276237,0.051216585,0.45447344,-0.278866584
8,B2A12,3,0.201212317,-0.623814083,0.113983998,0.111946168,0.044362747,0.123089163,-0.044890807,-0.010805193,-0.10214973
8,B2A12,4,0.1530159,-0.623814083,0.024053303,0.024576425,-0.011130737,0.07109709,-0.044521138,-0.235677016,0.100763707
8,B2A12,5,0.469598267,-0.623814083,0.0383477,0.012623363,-0.052116767,0.110609495,-0.00672461,-0.124167989,0.038676526
8,B2A12,6,0.484303917,-0.550285833,-0.373187321,0.310278474,0.188623332,0.19917509,-0.906498455,-0.356935829,-0.717211931
8,B2A12,7,0.102059667,-0.550285833,-0.248883905,0.287917009,0.200731182,0.159651627,-0.763727044,-0.107423577,-0.654124467
8,B2A12,8,0.1212659,-0.550285833,-0.159108375,0.064468791,0.052592991,0.04089898,-0.479837561,-0.03758935,-0.429898086
8,B2A12,9,-0.23300125,-1.2581535,-0.175456902,0.122862195,0.139222845,0.022186948,-0.581100003,-0.189416465,-0.443632332
8,B2A12,10,-0.753896933,-1.549352083,-0.250186331,0.065112482,0.220486664,-0.124948246,-0.674033638,-0.262233926,-0.500840859
8,B2A12,11,-0.66072695,-1.549352083,-0.18506661,0.065785233,0.172155632,-0.084553544,-0.569798299,-0.080482147,-0.489999984
8,B2A12,12,-0.659007883,-1.549352083,-0.194833696,0.201113704,0.241574306,0.017927519,-0.705976252,-0.207475439,-0.565185241
8,B2A12,13,-0.63677245,-1.549352083,0.050768235,-0.063051489,0.0427256,-0.149005765,0.165017378,0.436602628,-0.193931643
8,B2A12,14,-0.40832675,-1.549352083,-0.011243299,-0.126219817,-0.035621128,-0.178345626,0.218096769,0.687778748,-0.278537962
8,B2A12,15,-0.071427333,-0.440715583,-0.018705626,-0.120894531,-0.029128988,-0.178546547,0.170173737,0.959087543,-0.399013839
8,B2A14,1,0.518395017,-0.623814083,-0.264293989,0.066822363,0.101058769,-0.012327254,-0.449145808,0.02597159,-0.424641238
8,B2A14,2,0.481813883,-0.623814083,-0.185330538,0.165627517,0.260604069,-0.052485537,-0.489738212,-0.02806462,-0.438823563
8,B2A14,3,0.201212317,-0.623814083,0.120665477,0.193028654,0.179480486,0.061925187,-0.15276476,0.459463259,-0.397445838
8,B2A14,4,0.1530159,-0.623814083,0.095146304,0.157756883,0.192857787,0.008630852,-0.151483228,0.00468399,-0.189248207
8,B2A14,5,0.469598267,-0.623814083,0.151716361,0.051526852,0.148641226,-0.07718603,0.108761431,0.044074915,-0.006245571
8,B2A14,6,0.484303917,-0.550285833,-0.251738726,0.265127793,0.209498622,0.121006025,-0.7400356,-0.418665126,-0.48673766
8,B2A14,7,0.102059667,-0.550285833,-0.113256365,0.180411879,0.14907866,0.085853588,-0.510862948,-0.06715274,-0.442670935
8,B2A14,8,0.1212659,-0.550285833,-0.15232196,-0.089527451,0.014689121,-0.1496541,-0.22009212,0.399150855,-0.423914664
8,B2A14,9,-0.23300125,-1.2581535,-0.229386601,0.086875049,0.129311259,-0.015015862,-0.639807996,0.22404785,-0.652946236
8,B2A14,10,-0.753896933,-1.549352083,-0.272928476,0.043817908,0.234894112,-0.161021933,-0.698739901,0.17631652,-0.686803733
8,B2A14,11,-0.66072695,-1.549352083,-0.136082869,0.081930157,0.239516184,-0.120164078,-0.498201657,0.09426933,-0.505838498
8,B2A14,12,-0.659007883,-1.549352083,-0.175978557,0.154766523,0.286908815,-0.073546791,-0.644862905,-0.181524112,-0.513277678
8,B2A14,13,-0.63677245,-1.549352083,0.093672085,-0.17397952,-0.127801294,-0.161540388,0.807358432,-0.001780442,0.69912869
8,B2A14,14,-0.40832675,-1.549352083,0.085142524,-0.178766596,-0.136406924,-0.16546174,0.818295111,-0.013427543,0.736371078
8,B2A14,15,-0.071427333,-0.440715583,0.128237944,-0.078625552,-0.06876166,-0.056147852,0.419331197,-0.102692575,0.505308676
8,B2A17,1,0.518395017,-0.623814083,0.216656662,-0.015211491,-0.011371418,0.018204808,0.363554774,0.444242046,-0.106081373
8,B2A17,2,0.481813883,-0.623814083,-0.139142443,0.020407229,-0.012773719,0.070978147,-0.262242178,0.078140581,-0.318036333
8,B2A17,3,0.201212317,-0.623814083,0.052768694,-0.212404662,-0.285831395,0.124266656,0.759952923,0.173339914,0.336094537
8,B2A17,4,0.1530159,-0.623814083,-0.151010097,-0.067264917,-0.106549488,0.062460382,-0.191103792,0.034427509,-0.238003734
8,B2A17,5,0.469598267,-0.623814083,-0.06718781,-0.000453186,-0.046176408,0.079552294,-0.173129549,-0.395730839,0.172898741
8,B2A17,6,0.484303917,-0.550285833,0.021764163,-0.017204473,-0.048495766,0.051856877,0.017516985,-0.299661056,0.27458214
8,B2A17,7,0.102059667,-0.550285833,0.208511695,-0.06661149,-0.058052106,-0.022959998,0.55124014,0.015783073,0.394840594
8,B2A17,8,0.1212659,-0.550285833,0.145893436,0.149385137,0.115966464,0.083793908,-0.098460637,-0.285571361,0.154294693
8,B2A17,9,-0.23300125,-1.2581535,0.260220983,0.28271447,0.173773044,0.187859381,-0.133627024,-0.167714976,-0.008448999
8,B2A17,10,-0.753896933,-1.549352083,0.30944814,0.388152599,0.236919108,0.240443359,-0.201247381,-0.082065439,-0.145763481
8,B2A17,11,-0.66072695,-1.549352083,0.276883424,0.405101893,0.256639803,0.238276474,-0.259735274,0.157548007,-0.347282062
8,B2A17,12,-0.659007883,-1.549352083,0.123351705,0.361509979,0.248853651,0.198001306,-0.403457482,-0.006528394,-0.376983028
8,B2A17,13,-0.63677245,-1.549352083,-0.066640314,0.070723997,-0.073896965,0.236754312,-0.377345587,0.061026341,-0.390697178
8,B2A17,14,-0.40832675,-1.549352083,0.044129973,0.139998324,-0.002069734,0.231807072,-0.285272113,-0.107032932,-0.194322753
8,B2A17,15,-0.071427333,-0.440715583,0.011761768,-0.038598024,-0.142348531,0.143354006,-0.012722052,0.084744479,-0.096645516
8,B2A21,1,0.518395017,-0.623814083,0.151618453,0.141734304,0.140962128,0.032350734,-0.013357942,0.049965866,-0.137582234
8,B2A21,2,0.481813883,-0.623814083,-0.048445694,0.31423276,0.272796996,0.092071249,-0.453219635,-0.39194924,-0.19973539
8,B2A21,3,0.201212317,-0.623814083,0.040899265,0.074656078,0.019305892,0.104691763,-0.091973043,0.059883058,-0.182375351
8,B2A21,4,0.1530159,-0.623814083,0.190038449,0.111474344,0.024179309,0.151483263,0.057978847,0.16843802,-0.13375472
8,B2A21,5,0.469598267,-0.623814083,0.084390305,0.063894445,0.010236296,0.099656215,-0.027444361,0.308360844,-0.262639451
8,B2A21,6,0.484303917,-0.550285833,0.004207166,0.054604673,-0.006760966,0.108212703,-0.155556178,0.282891759,-0.334546005
8,B2A21,7,0.102059667,-0.550285833,0.279514919,-0.183767978,-0.24893965,0.060763246,1.361655515,0.725186467,0.301977731
8,B2A21,8,0.1212659,-0.550285833,0.06757146,-0.041458961,-0.037367706,-0.01104126,0.159877798,0.390192601,-0.178881149
8,B2A21,9,-0.23300125,-1.2581535,-0.108835223,0.105061724,0.152144018,-0.014335054,-0.453582979,0.029345003,-0.439935629
8,B2A21,10,-0.753896933,-1.549352083,-0.096257956,0.151177713,0.251808852,-0.049614112,-0.49357809,0.001278205,-0.460667394
8,B2A21,11,-0.66072695,-1.549352083,-0.097693277,0.113126395,0.189651875,-0.040665524,-0.466291697,-0.130553032,-0.362133399
8,B2A21,12,-0.659007883,-1.549352083,-0.10070505,0.120254872,0.147446049,0.009037698,-0.489292112,-0.382075106,-0.172836696
8,B2A21,13,-0.63677245,-1.549352083,-0.12958159,-0.05443976,-0.056649265,-0.022185903,-0.303901716,-0.395690309,0.102083451
8,B2A21,14,-0.40832675,-1.549352083,-0.25201202,0.048430707,0.042291589,0.021958422,-0.721075515,-0.588843034,-0.267448066
8,B2A21,15,-0.071427333,-0.440715583,-0.222982238,0.141866496,0.108925026,0.079596403,-0.745038369,-0.673087547,-0.170211788
8,B3A04,1,0.518395017,-0.623814083,0.476056137,0.131571327,0.138784899,0.022894172,0.399731186,0.138728283,0.080839157
8,B3A04,2,0.481813883,-0.623814083,0.104600531,0.191375487,0.185012071,0.049657341,-0.155770321,-0.009281848,-0.195940522
8,B3A04,3,0.201212317,-0.623814083,-0.221229868,-0.178044469,-0.16723626,-0.040394707,-0.068590261,0.028223706,-0.145769829
8,B3A04,4,0.1530159,-0.623814083,-0.322558968,-0.069114919,-0.041461459,-0.036331048,-0.534173398,-0.054875559,-0.466934764
8,B3A04,5,0.469598267,-0.623814083,-0.343643421,-0.064161451,-0.116796021,0.080146626,-0.618768167,-0.376650852,-0.371111911
8,B3A04,6,0.484303917,-0.550285833,-0.228724571,-0.19191387,-0.194900162,-0.055758152,-0.123118401,-0.46111475,0.359866117
8,B3A04,7,0.102059667,-0.550285833,0.067785555,-0.117015528,-0.164951945,0.04802379,0.412107448,-0.113764502,0.433107524
8,B3A04,8,0.1212659,-0.550285833,0.070209657,-0.183923768,-0.244699891,0.042116748,0.744006621,0.233405043,0.325219591
8,B3A04,9,-0.23300125,-1.2581535,0.205376409,0.013388533,-0.077425516,0.143647029,0.287842632,0.211997858,0.02240177
8,B3A04,10,-0.753896933,-1.549352083,0.195244316,-0.150564588,-0.21281178,0.045045657,0.94984971,0.156097204,0.57502237
8,B3A04,11,-0.66072695,-1.549352083,0.288824876,-0.115102361,-0.208712875,0.11839691,1.01725252,-0.008340391,0.873783117
8,B3A04,12,-0.659007883,-1.549352083,0.260051621,-0.063563219,-0.160274186,0.133041722,0.686006264,-0.008714746,0.59218917
8,B3A04,13,-0.63677245,-1.549352083,0.206055403,0.049611299,0.055513731,0.009243082,0.185598015,0.298408912,-0.099588081
8,B3A04,14,-0.40832675,-1.549352083,0.342325021,0.105137912,0.094575174,0.044664379,0.297547743,0.21401678,0.044820537
8,B3A04,15,-0.071427333,-0.440715583,0.191171231,0.054004336,0.045417121,0.025638842,0.140597494,-0.035308862,0.149663568
8,B3A05,1,0.518395017,-0.623814083,-0.047617496,0.085346345,0.085041391,0.029319386,-0.185344441,-0.112582139,-0.168729032
8,B3A05,2,0.481813883,-0.623814083,-0.04452338,0.206915293,0.21839435,0.032236435,-0.354518873,0.02799423,-0.36170036
8,B3A05,3,0.201212317,-0.623814083,-0.383486263,-0.111946682,-0.150193112,0.060281677,-0.561284297,0.071737559,-0.532298731
8,B3A05,4,0.1530159,-0.623814083,-0.198465151,-0.11566268,-0.095123096,-0.042271091,-0.192579851,0.143495241,-0.296868265
8,B3A05,5,0.469598267,-0.623814083,-0.130713002,-0.126874955,-0.127735233,-0.021600022,-0.029398906,0.304820957,-0.262237772
8,B3A05,6,0.484303917,-0.550285833,-0.127293881,-0.15394685,-0.194086746,0.028196716,0.043856364,0.11093149,-0.098568262
8,B3A05,7,0.102059667,-0.550285833,-0.023033468,-0.15251284,-0.221926789,0.07992971,0.313767663,-0.066969739,0.286806242
8,B3A05,8,0.1212659,-0.550285833,-0.050107966,-0.193244651,-0.226067693,-0.020095483,0.4135952,0.084702993,0.22026904
8,B3A05,9,-0.23300125,-1.2581535,-0.159156148,-0.121384522,-0.094701711,-0.081387801,-0.176729755,0.078949335,-0.240425061
8,B3A05,10,-0.753896933,-1.549352083,-0.244309217,-0.120214737,0.051148041,-0.235808051,-0.427290309,0.223231479,-0.500904267
8,B3A05,11,-0.66072695,-1.549352083,-0.199445327,-0.074771567,0.054368883,-0.173169972,-0.41147779,0.096004372,-0.436632944
8,B3A05,12,-0.659007883,-1.549352083,-0.154814261,-0.038508388,0.106612567,-0.168134222,-0.381649923,0.046948263,-0.38738007
8,B3A05,13,-0.63677245,-1.549352083,-0.044829685,-0.302460534,-0.273511257,-0.2835502,1.488424392,1.374123194,0.026972934
8,B3A05,14,-0.40832675,-1.549352083,-0.09126376,-0.298644579,-0.254016794,-0.308544696,1.171238267,1.444243876,-0.124986879
8,B3A05,15,-0.071427333,-0.440715583,-0.070906794,-0.325069139,-0.239951892,-0.407675017,1.848254227,2.208209485,-0.127191805
8,B3A07,1,0.518395017,-0.623814083,-0.114835594,-0.165379504,-0.135222915,-0.037795564,0.17761715,-0.486639748,0.527419319
8,B3A07,2,0.481813883,-0.623814083,0.178313033,0.052827626,0.044119955,0.040668099,0.163115586,-0.202258154,0.213249388
8,B3A07,3,0.201212317,-0.623814083,0.697186502,0.114596937,0.069367389,0.09332262,0.780158119,0.335435752,0.21820794
8,B3A07,4,0.1530159,-0.623814083,0.779575341,0.144141616,0.082037936,0.117880185,0.83446278,0.301480172,0.290400013
8,B3A07,5,0.469598267,-0.623814083,-0.10400363,0.220054037,0.212710536,0.063029815,-0.503118454,-0.503737653,-0.10603618
8,B3A07,6,0.484303917,-0.550285833,0.004135416,-0.132895538,-0.180125801,0.048418619,0.312424457,-0.372366265,0.733938544
8,B3A07,7,0.102059667,-0.550285833,-0.184423787,-0.115661118,-0.118009136,-0.027165725,-0.223377509,-0.549399643,0.415326905
8,B3A07,8,0.1212659,-0.550285833,0.07930726,-0.159651045,-0.129018957,-0.103890154,0.638057143,-0.110798187,0.653197684
8,B3A07,9,-0.23300125,-1.2581535,-0.002138676,-0.047765739,0.022043172,-0.095247675,0.017492279,-0.173198109,0.148976361
8,B3A07,10,-0.753896933,-1.549352083,0.018849211,-0.06170386,0.020720827,-0.118139448,0.097270423,-0.114427014,0.167794947
8,B3A07,11,-0.66072695,-1.549352083,-0.036997836,-0.129100057,-0.10544097,-0.090739165,0.166909591,-0.40661321,0.739203474
8,B3A07,12,-0.659007883,-1.549352083,-0.022455209,-0.011065144,0.104831464,-0.128246594,-0.137281589,0.115263765,-0.226095321
8,B3A07,13,-0.63677245,-1.549352083,-0.084279485,-0.328171458,-0.289671875,-0.340143678,1.693737663,0.545277607,0.667829172
8,B3A07,14,-0.40832675,-1.549352083,-0.04014913,-0.235536691,-0.154543956,-0.267891047,0.748503863,0.463690303,0.162167078
8,B3A07,15,-0.071427333,-0.440715583,-0.063510833,-0.156651185,-0.11815275,-0.146316322,0.174096256,0.277685038,-0.090495449
8,B3A20,1,0.518395017,-0.623814083,-0.319203414,0.052714591,0.08821122,-0.015174328,-0.509319136,-0.207535088,-0.374400348
8,B3A20,2,0.481813883,-0.623814083,-0.212788228,-0.023430098,0.036824956,-0.05562652,-0.317892825,-0.349505065,-0.096238045
8,B3A20,3,0.201212317,-0.623814083,-0.261623893,0.007521715,-0.033666875,0.079461589,-0.478315552,-0.44044026,-0.170272932
8,B3A20,4,0.1530159,-0.623814083,-0.274948504,-0.117563236,-0.135363371,0.015879271,-0.359811316,-0.338414131,-0.119851298
8,B3A20,5,0.469598267,-0.623814083,-0.370953666,-0.145842634,-0.136246011,-0.045335508,-0.578308643,-0.598019063,-0.093316352
8,B3A20,6,0.484303917,-0.550285833,-0.17740219,-0.121744521,-0.133341527,-0.00942449,-0.173122043,-0.437957034,0.255180083
8,B3A20,7,0.102059667,-0.550285833,0.140905407,-0.179622763,-0.21761831,0.005401856,0.918560719,0.026396084,0.6829301
8,B3A20,8,0.1212659,-0.550285833,0.186799968,-0.156441085,-0.072868227,-0.168252946,0.930645455,0.311129947,0.381091272
8,B3A20,9,-0.23300125,-1.2581535,-0.015306186,0.092781377,0.174755116,-0.051714574,-0.280071394,-0.082690021,-0.221576327
8,B3A20,10,-0.753896933,-1.549352083,0.047759629,0.070688051,0.278218654,-0.161036599,-0.142598929,0.234263779,-0.300102863
8,B3A20,11,-0.66072695,-1.549352083,0.080258319,0.078784044,0.255540009,-0.135860509,-0.105398309,0.222718577,-0.266078275
8,B3A20,12,-0.659007883,-1.549352083,-0.149709338,0.106033215,0.275371826,-0.119518043,-0.558792614,-0.503324701,-0.12125887
8,B3A20,13,-0.63677245,-1.549352083,-0.098004579,0.041002179,0.226166129,-0.15959253,-0.395808757,-0.375774373,-0.050342658
8,B3A20,14,-0.40832675,-1.549352083,-0.034280513,0.015137207,0.150908946,-0.13465483,-0.231216233,-0.287721488,0.050722389
8,B3A20,15,-0.071427333,-0.440715583,0.159929829,0.024851431,0.089580557,-0.06652976,0.151889572,0.145276075,-0.009946008
8,B4A06,1,0.518395017,-0.623814083,-0.403466769,-0.169412641,-0.133448996,-0.047481669,-0.373437806,-0.520644997,-0.026752924
8,B4A06,2,0.481813883,-0.623814083,-0.568223502,0.009061172,-0.007866234,0.047270952,-0.924080624,-0.711229485,-0.558500549
8,B4A06,3,0.201212317,-0.623814083,-0.457992188,0.134756606,0.119654927,0.058010642,-0.870932718,-0.394119602,-0.646787211
8,B4A06,4,0.1530159,-0.623814083,-0.256433361,0.12992508,0.127133484,0.044460223,-0.617808411,-0.340084542,-0.397930248
8,B4A06,5,0.469598267,-0.623814083,-0.218431095,0.114073813,0.152060283,-0.002078387,-0.572626552,-0.238870094,-0.410288432
8,B4A06,6,0.484303917,-0.550285833,-0.127859345,-0.026487601,-0.049865131,0.038113806,-0.258709935,-0.378355303,0.063896258
8,B4A06,7,0.102059667,-0.550285833,-0.1588512,-0.029877132,0.014384452,-0.053737198,-0.332526067,-0.346804661,-0.049977385
8,B4A06,8,0.1212659,-0.550285833,-0.146134612,-0.093703555,-0.092699517,-0.027515271,-0.195716785,-0.497723871,0.371071326
8,B4A06,9,-0.23300125,-1.2581535,-0.171299571,0.091280119,0.037171974,0.099770201,-0.544303565,-0.579270109,-0.008455171
8,B4A06,10,-0.753896933,-1.549352083,-0.107012945,0.093719416,0.037851379,0.101631142,-0.449163473,-0.524943855,0.06754105
8,B4A06,11,-0.66072695,-1.549352083,-0.075961884,0.063435066,0.080647533,0.003095739,-0.365499931,-0.230449252,-0.180831378
8,B4A06,12,-0.659007883,-1.549352083,-0.1354004,0.045710001,0.148915906,-0.090690754,-0.465040958,-0.262547089,-0.26041411
8,B4A06,13,-0.63677245,-1.549352083,0.044677905,-0.208218254,-0.093945443,-0.268113964,0.874126281,0.456067499,0.244462813
8,B4A06,14,-0.40832675,-1.549352083,0.141162463,-0.141044393,-0.025066531,-0.214571003,0.764377077,0.256524886,0.351947671
8,B4A06,15,-0.071427333,-0.440715583,0.1940619,-0.10517115,-0.106506072,-0.05649425,0.728036573,0.284292814,0.302898276
8,B4A08,1,0.518395017,-0.623814083,-0.013236405,0.110811473,0.172270461,-0.036652983,-0.174676822,0.489113791,-0.406965098
8,B4A08,2,0.481813883,-0.623814083,-0.035892026,0.243016849,0.240600751,0.049184969,-0.378967052,-0.171274077,-0.280217399
8,B4A08,3,0.201212317,-0.623814083,-0.040149084,0.200334245,0.196389147,0.052330217,-0.365978812,-0.258215506,-0.203364946
8,B4A08,4,0.1530159,-0.623814083,-0.036176264,0.148073303,0.135363699,0.058179154,-0.322232787,-0.193381832,-0.20183286
8,B4A08,5,0.469598267,-0.623814083,-0.010501793,0.153637489,0.163286994,0.035338236,-0.307653142,-0.123118999,-0.232551782
8,B4A08,6,0.484303917,-0.550285833,-0.29835759,-0.102255533,-0.139309434,0.039203365,-0.500863137,-0.195342359,-0.36349618
8,B4A08,7,0.102059667,-0.550285833,-0.316019256,-0.144213219,-0.140302283,-0.049945635,-0.507070036,-0.158909564,-0.389838974
8,B4A08,8,0.1212659,-0.550285833,-0.187063257,-0.284803578,-0.287263637,-0.1498172,0.435805404,0.18133275,0.14984197
8,B4A08,9,-0.23300125,-1.2581535,-0.1261722,-0.138235366,-0.065293071,-0.149002699,-0.03888176,0.092372469,-0.1392026
8,B4A08,10,-0.753896933,-1.549352083,0.034981514,-0.009895976,0.069214715,-0.089549311,-0.00237133,0.034464131,-0.063203115
8,B4A08,11,-0.66072695,-1.549352083,0.015748964,-0.049663287,-0.006744252,-0.071172561,0.050160974,0.163990708,-0.113709409
8,B4A08,12,-0.659007883,-1.549352083,0.030173249,0.099119044,0.12488556,0.0041797,-0.235602349,0.31921981,-0.40436081
8,B4A08,13,-0.63677245,-1.549352083,-0.019167835,0.006055087,-0.00760605,0.01803979,-0.173626596,0.134681306,-0.265568898
8,B4A08,14,-0.40832675,-1.549352083,-0.029411145,-0.000464638,-0.081298238,0.113241091,-0.190202179,-0.226818422,0.023601223
8,B4A08,15,-0.071427333,-0.440715583,-0.164088166,-0.010481529,-0.110355906,0.14208689,-0.482972328,-0.151293782,-0.360132017
8,B4A10,1,0.518395017,-0.623814083,0.405021367,-0.065595059,-0.012924484,-0.051581969,0.796414865,0.38319527,0.1616451
8,B4A10,2,0.481813883,-0.623814083,-0.254031079,0.14780214,0.036462402,0.18219659,-0.562845345,-0.066215906,-0.480372717
8,B4A10,3,0.201212317,-0.623814083,0.279016972,-0.077914949,-0.05752652,-0.023769104,0.695450587,0.651556178,-0.018969122
8,B4A10,4,0.1530159,-0.623814083,0.187238249,-0.057263266,0.06449564,-0.138335788,0.45739023,0.514856723,-0.074638652
8,B4A10,5,0.469598267,-0.623814083,0.15768573,-0.052468772,0.064258257,-0.134472518,0.386947912,0.228542416,0.059803755
8,B4A10,6,0.484303917,-0.550285833,0.107924681,-0.105033461,0.035176724,-0.186027387,0.461430728,0.549617879,-0.084749808
8,B4A10,7,0.102059667,-0.550285833,-0.020261972,-0.253392166,-0.098850316,-0.313166378,0.883040161,0.516029855,0.181470851
8,B4A10,8,0.1212659,-0.550285833,-0.161685106,-0.326288193,-0.238205452,-0.338097001,0.944351454,0.444003811,0.276395436
8,B4A10,9,-0.23300125,-1.2581535,-0.175439393,-0.073551417,0.030200485,-0.143451102,-0.324011589,-0.263047948,-0.113721863
8,B4A10,10,-0.753896933,-1.549352083,-0.212914869,0.054263215,0.12134464,-0.051543104,-0.595807622,-0.706485029,0.176300937
8,B4A10,11,-0.66072695,-1.549352083,-0.212913891,-0.070127115,0.081605677,-0.190076857,-0.452727129,-0.572403406,0.163527102
8,B4A10,12,-0.659007883,-1.549352083,-0.274555102,-0.076281242,0.173848347,-0.267906671,-0.615000874,-0.62437852,-0.019445189
8,B4A10,13,-0.63677245,-1.549352083,-0.247887065,-0.183743012,-0.037034676,-0.274720372,-0.34984869,-0.511470268,0.238338963
8,B4A10,14,-0.40832675,-1.549352083,-0.164066047,-0.201482569,-0.039879085,-0.307465797,0.012774598,-0.282144904,0.336089066
8,B4A10,15,-0.071427333,-0.440715583,-0.142035248,-0.267150473,-0.175846159,-0.323748256,0.52307999,-0.109798061,0.6200855
8,B4A16,1,0.518395017,-0.623814083,0.141690409,-0.194957832,-0.209434048,0.035245127,0.786797364,-0.310063612,0.84081141
8,B4A16,2,0.481813883,-0.623814083,-0.023970443,-0.043921986,-0.097862261,0.100283478,0.038378982,-0.50806153,0.494724732
8,B4A16,3,0.201212317,-0.623814083,0.031616916,-0.020874003,-0.082381534,0.109176079,0.072597097,-0.477785394,0.539513578
8,B4A16,4,0.1530159,-0.623814083,-0.260148229,-0.085959553,-0.104062147,0.02450664,-0.381619557,-0.70669375,0.412924163
8,B4A16,5,0.469598267,-0.623814083,-0.227997911,-0.198270157,-0.296140378,0.161732167,-0.07911985,-0.539263932,0.547009732
8,B4A16,6,0.484303917,-0.550285833,0.057134648,-0.095982598,-0.204583677,0.182016688,0.310596908,-0.305300276,0.604518862
8,B4A16,7,0.102059667,-0.550285833,0.100488038,-0.032626572,-0.154514332,0.205939375,0.208758024,-0.250457609,0.42512046
8,B4A16,8,0.1212659,-0.550285833,0.063704839,-0.06344134,-0.112335015,0.060618071,0.21568846,-0.198316427,0.371076244
8,B4A16,9,-0.23300125,-1.2581535,-0.015626279,0.075452171,0.042196235,0.069223054,-0.254729338,-0.291445451,-0.005752979
8,B4A16,10,-0.753896933,-1.549352083,-0.066707857,0.012790743,0.106671746,-0.094012643,-0.257866262,-0.180342563,-0.116801058
8,B4A16,11,-0.66072695,-1.549352083,-0.224521601,-0.019549108,0.056084579,-0.092260439,-0.552449293,-0.249756673,-0.37185087
8,B4A16,12,-0.659007883,-1.549352083,-0.218158663,0.156332652,0.218584783,-0.014266941,-0.713453814,-0.212572318,-0.57081376
8,B4A16,13,-0.63677245,-1.549352083,-0.204836211,-0.041451541,0.032107851,-0.104965702,-0.507730979,-0.089811733,-0.42543865
8,B4A16,14,-0.40832675,-1.549352083,-0.138342773,-0.002396918,0.022050756,-0.034001138,-0.426258224,-0.064651781,-0.361618097
8,B4A16,15,-0.071427333,-0.440715583,0.14839587,0.110599063,0.129383119,0.013387384,-0.062349309,0.33551289,-0.291533914
2,B1A07,1,0.518395017,-0.623814083,0.758863113,-0.012069152,-0.118398017,0.123550401,0.941622002,0.361799064,0.436123728
2,B1A07,2,0.481813883,-0.623814083,0.610444477,0.243243394,0.096528192,0.155848864,0.383066615,0.147496898,0.174868898
2,B1A07,3,0.201212317,-0.623814083,0.682216732,0.143758472,0.075457746,0.078721365,0.582227354,0.318371357,0.178610906
2,B1A07,4,0.1530159,-0.623814083,0.333738639,-0.048505136,-0.080396399,0.040060699,0.4943446,0.052226274,0.352156834
2,B1A07,5,0.469598267,-0.623814083,-0.315679989,-0.096926113,-0.137214169,0.053600532,-0.33984691,-0.476764395,0.081887734
2,B1A07,6,0.484303917,-0.550285833,-0.335588031,0.076236768,0.017919203,0.075421806,-0.482547173,-0.452434003,-0.202568807
2,B1A07,7,0.102059667,-0.550285833,-0.339694405,0.017689405,0.000948889,0.026495346,-0.463329713,-0.517885192,-0.045379318
2,B1A07,8,0.1212659,-0.550285833,-0.235985138,0.042724917,-0.014271301,0.077746389,-0.356303943,-0.229682409,-0.258760358
2,B1A07,9,-0.23300125,-1.2581535,-0.239926291,0.316214951,0.128715854,0.214041829,-0.506822683,-0.16494927,-0.503130121
2,B1A07,10,-0.753896933,-1.549352083,-0.475985061,0.119391924,0.127461523,0.004579826,-0.684451768,-0.241332234,-0.693672711
2,B1A07,11,-0.66072695,-1.549352083,-0.513206677,0.14931364,0.137941751,0.026369896,-0.738284462,-0.460949479,-0.651841408
2,B1A07,12,-0.659007883,-1.549352083,-0.49579723,0.187732078,0.180504262,0.023453845,-0.732626248,-0.47459671,-0.626831018
2,B1A07,13,-0.63677245,-1.549352083,-0.078938532,0.033225048,0.121378971,-0.082641983,-0.169436808,-0.108290888,-0.148602289
2,B1A07,14,-0.40832675,-1.549352083,0.047263561,0.035823965,0.100389069,-0.058943859,-0.014452077,-0.024220034,-0.064534215
2,B1A07,15,-0.071427333,-0.440715583,0.152608229,0.108822475,0.213459557,-0.08725631,0.027283303,0.116280601,-0.160142444
2,B1A16,1,0.518395017,-0.623814083,0.061174241,0.067184198,0.02334542,0.044844002,0.03234451,0.344926872,-0.162021411
2,B1A16,2,0.481813883,-0.623814083,-0.360464079,0.155746323,0.114568397,0.046861823,-0.493110477,-0.19205686,-0.420812343
2,B1A16,3,0.201212317,-0.623814083,-0.271173311,0.159852834,0.116749209,0.051442714,-0.421959544,-0.329863265,-0.256325902
2,B1A16,4,0.1530159,-0.623814083,-0.366462756,-0.049399254,-0.047100523,-0.002738053,-0.434251259,-0.461050026,-0.127402568
2,B1A16,5,0.469598267,-0.623814083,-0.243342325,-0.066931483,0.009085603,-0.086117873,-0.263462777,-0.401978326,0.081276651
2,B1A16,6,0.484303917,-0.550285833,0.070347546,0.003767486,0.02272615,-0.016280603,0.070006757,-0.103745071,0.112861511
2,B1A16,7,0.102059667,-0.550285833,0.036262036,-0.048949939,-0.074704195,0.03658812,0.091435753,-0.042496484,0.06664315
2,B1A16,8,0.1212659,-0.550285833,0.335857734,-0.149792123,-0.181918074,0.046340251,0.730820879,0.607903144,0.03121969
2,B1A16,9,-0.23300125,-1.2581535,0.243781565,0.170893047,0.140507645,0.045422514,0.071257204,0.51012964,-0.348823664
2,B1A16,10,-0.753896933,-1.549352083,0.123114708,0.255967562,0.168159045,0.10555973,-0.132117865,0.152552785,-0.321111252
2,B1A16,11,-0.66072695,-1.549352083,-0.120920075,0.131453538,0.059243497,0.095852646,-0.296221355,-0.1130124,-0.293250863
2,B1A16,12,-0.659007883,-1.549352083,-0.067197584,0.115224182,0.052580765,0.08579289,-0.226123304,-0.080362002,-0.242427524
2,B1A16,13,-0.63677245,-1.549352083,0.181177249,-0.166180009,-0.198591323,0.052492037,0.531349256,0.074664293,0.370248594
2,B1A16,14,-0.40832675,-1.549352083,0.473708532,-0.162242332,-0.190635619,0.046518263,1.01682518,0.357337734,0.430509729
2,B1A16,15,-0.071427333,-0.440715583,0.023397707,-0.052247961,-0.115122196,0.099033878,0.067567639,-0.164751868,0.225451139
2,B1A17,1,0.518395017,-0.623814083,-0.188022046,0.018302188,0.025990601,-0.010604179,-0.204967596,-0.026693727,-0.181855344
2,B1A17,2,0.481813883,-0.623814083,-0.224990547,-0.056916936,0.066164426,-0.128428222,-0.216397289,-0.204795364,-0.102657605
2,B1A17,3,0.201212317,-0.623814083,-0.115959444,-0.359277789,-0.188973469,-0.268485523,0.441866379,-0.145554596,0.561774496
2,B1A17,4,0.1530159,-0.623814083,-0.131953205,-0.489350209,-0.45456974,-0.140512278,0.957753916,-0.183328926,1.24219129
2,B1A17,5,0.469598267,-0.623814083,-0.096739191,-0.404334596,-0.350860783,-0.139464957,0.665345437,-0.108067295,0.766722565
2,B1A17,6,0.484303917,-0.550285833,-0.403801294,-0.355630625,-0.345421697,-0.046994378,-0.213670539,-0.25925234,-0.041237113
2,B1A17,7,0.102059667,-0.550285833,-0.125540581,-0.136586082,-0.152341963,0.020270645,-0.022666236,0.162846074,-0.217944604
2,B1A17,8,0.1212659,-0.550285833,-0.173959319,0.070938247,0.024747812,0.063323633,-0.301904523,-0.037040333,-0.352464449
2,B1A17,9,-0.23300125,-1.2581535,0.088286393,-0.056220493,0.006736057,-0.070044515,0.170862291,0.307199094,-0.165788342
2,B1A17,10,-0.753896933,-1.549352083,-0.157444489,-0.100195275,-0.102156359,0.005196013,-0.12572455,-0.060025929,-0.148366811
2,B1A17,11,-0.66072695,-1.549352083,-0.05192142,-0.051528889,-0.035871622,-0.013848622,-0.035017504,-0.128702125,0.033151545
2,B1A17,12,-0.659007883,-1.549352083,-0.066989087,-0.044478923,-0.036202746,-0.003632049,-0.066643873,-0.251218856,0.179327017
2,B1A17,13,-0.63677245,-1.549352083,-0.110391866,-0.200015588,-0.184801277,-0.026845824,0.097963214,-0.281623975,0.486631147
2,B1A17,14,-0.40832675,-1.549352083,0.103711988,-0.020509402,0.082717186,-0.105750036,0.133950236,0.553990767,-0.354762138
2,B1A17,15,-0.071427333,-0.440715583,-0.282527765,-0.000864439,0.104517494,-0.104487074,-0.409175897,0.439655304,-0.692075499
2,B2A19,1,0.518395017,-0.623814083,-0.322759562,0.166334374,0.068968317,0.100155041,-0.427419993,-0.043204522,-0.375898272
2,B2A19,2,0.481813883,-0.623814083,-0.413358228,0.165401671,0.090055027,0.08234489,-0.549904326,-0.396769832,-0.382332609
2,B2A19,3,0.201212317,-0.623814083,-0.153368254,-0.077018837,-0.102784614,0.029255367,-0.115137567,-0.13717932,-0.054267524
2,B2A19,4,0.1530159,-0.623814083,-0.343404973,-0.007458327,-0.026768904,0.025101749,-0.429330376,-0.349042986,-0.24822187
2,B2A19,5,0.469598267,-0.623814083,-0.298779808,0.049756182,0.012558307,0.048844535,-0.417360606,-0.240329606,-0.327098043
2,B2A19,6,0.484303917,-0.550285833,-0.286545281,-0.252391122,-0.261673805,0.001919308,-0.128575615,-0.251490832,0.061499509
2,B2A19,7,0.102059667,-0.550285833,-0.219758021,-0.393134736,-0.381607864,-0.056902007,0.325212104,1.205065369,-0.423867531
2,B2A19,8,0.1212659,-0.550285833,-0.406387105,-0.212495823,-0.201825025,-0.02423543,-0.402568332,1.229393685,-0.769860318
2,B2A19,9,-0.23300125,-1.2581535,-0.224496192,0.159335507,0.037533767,0.154046643,-0.419414184,0.865071281,-0.743687881
2,B2A19,10,-0.753896933,-1.549352083,-0.117979936,0.305829185,0.118798524,0.216951057,-0.393883185,0.224108006,-0.582479009
2,B2A19,11,-0.66072695,-1.549352083,-0.135704763,0.349881474,0.197619658,0.169671272,-0.434978669,0.023106859,-0.537119802
2,B2A19,12,-0.659007883,-1.549352083,-0.0989704,0.243074638,0.119188024,0.150255444,-0.34870721,0.000125687,-0.438520476
2,B2A19,13,-0.63677245,-1.549352083,-0.163077441,-0.119901809,-0.143045146,0.037520269,-0.115491753,0.168240853,-0.32663425
2,B2A19,14,-0.40832675,-1.549352083,0.087764829,-0.144219337,-0.146448408,0.005360051,0.326810549,0.197133761,0.038273938
2,B2A19,15,-0.071427333,-0.440715583,0.475111536,-0.202006229,-0.239827565,0.064934885,1.165476578,0.804025154,0.128024334
2,B3A21,1,0.518395017,-0.623814083,-0.180292198,0.138116381,0.088222549,0.051290878,-0.272472768,-0.200217012,-0.150497101
2,B3A21,2,0.481813883,-0.623814083,0.014932302,0.153986036,0.113398636,0.046259776,-0.110273153,-0.160438811,-0.023211973
2,B3A21,3,0.201212317,-0.623814083,0.352981898,0.165218525,0.129555254,0.043829228,0.21361594,0.198499546,-0.013312285
2,B3A21,4,0.1530159,-0.623814083,0.443359821,0.173446438,0.132013724,0.051577244,0.291577737,0.265321062,-0.010345598
2,B3A21,5,0.469598267,-0.623814083,0.473993724,0.084434523,0.059167146,0.0353518,0.443576979,0.421919652,-0.01431295
2,B3A21,6,0.484303917,-0.550285833,0.561665848,0.067182881,0.063919333,0.011772646,0.57263166,0.577720528,-0.034336136
2,B3A21,7,0.102059667,-0.550285833,0.54511907,0.062004672,0.050800348,0.021275675,0.562486062,0.545885554,-0.029809181
2,B3A21,8,0.1212659,-0.550285833,0.344204736,0.076423758,-0.00606964,0.109210963,0.302010096,0.12467751,0.095378159
2,B3A21,9,-0.23300125,-1.2581535,0.123149472,0.301839177,0.152446475,0.169997382,-0.162929254,-0.117567424,-0.132657502
2,B3A21,10,-0.753896933,-1.549352083,-0.341565061,0.211622489,0.125068095,0.10696271,-0.570471342,-0.595313727,-0.073115476
2,B3A21,11,-0.66072695,-1.549352083,-0.328465685,0.192313033,0.179791376,0.028405178,-0.553986235,-0.542961297,-0.13896724
2,B3A21,12,-0.659007883,-1.549352083,-0.200831649,0.014164408,-0.021368201,0.054333797,-0.305484827,-0.4282219,0.141019005
2,B3A21,13,-0.63677245,-1.549352083,-0.26829026,0.051994272,0.02337055,0.046029319,-0.421258084,-0.419236536,-0.086294576
2,B3A21,14,-0.40832675,-1.549352083,0.000868748,0.012234253,-0.014059592,0.043637906,-0.046259717,-0.122593265,0.017400693
2,B3A21,15,-0.071427333,-0.440715583,0.118795602,-0.252041507,-0.252172754,-0.006062622,0.664733588,0.03087763,0.576008704
2,B4A14,1,0.518395017,-0.623814083,-0.293457557,-0.184306951,0.00318773,-0.210539518,-0.173723839,-0.491026083,0.265009757
2,B4A14,2,0.481813883,-0.623814083,-0.223963665,0.041096485,0.047996589,-0.005576297,-0.287747652,-0.555795031,0.240274966
2,B4A14,3,0.201212317,-0.623814083,-0.54209844,0.052269306,0.090254857,-0.034435276,-0.678391659,-0.858998713,0.107941917
2,B4A14,4,0.1530159,-0.623814083,-0.474578445,0.10523558,0.089324391,0.024283857,-0.631212356,-0.789418394,0.120716328
2,B4A14,5,0.469598267,-0.623814083,-0.382922844,0.038810649,0.081215141,-0.038641043,-0.512077505,-0.642281018,0.075753542
2,B4A14,6,0.484303917,-0.550285833,-0.194896789,0.08035479,0.080996891,0.008115155,-0.322329128,-0.43619923,0.055103263
2,B4A14,7,0.102059667,-0.550285833,0.091221738,0.059500707,0.117539607,-0.051184006,0.026853482,0.024304973,-0.065332499
2,B4A14,8,0.1212659,-0.550285833,0.200336299,-0.176361098,-0.011879278,-0.200426287,0.578030233,0.373067116,0.097545767
2,B4A14,9,-0.23300125,-1.2581535,0.195294953,-0.130589413,0.06907221,-0.218473396,0.465225257,0.4513699,-0.046049844
2,B4A14,10,-0.753896933,-1.549352083,-0.166187984,0.092165412,0.148777882,-0.045741246,-0.316262495,-0.23757127,-0.194137629
2,B4A14,11,-0.66072695,-1.549352083,-0.240180858,0.185989682,0.203830925,-0.001599003,-0.458504187,-0.326134145,-0.296742548
2,B4A14,12,-0.659007883,-1.549352083,-0.301958013,0.138296144,0.205003085,-0.050304245,-0.505594392,-0.458084601,-0.187394706
2,B4A14,13,-0.63677245,-1.549352083,0.131664647,-0.062799156,0.16494313,-0.223506056,0.240644947,0.311807797,-0.128868976
2,B4A14,14,-0.40832675,-1.549352083,0.395265926,0.057857273,0.207266938,-0.133321815,0.38847578,0.399831879,-0.083424585
2,B4A14,15,-0.071427333,-0.440715583,0.108894041,0.300215787,0.21758554,0.10107041,-0.191973374,-0.168209961,-0.10404603
2,B4A15,1,0.518395017,-0.623814083,0.181287786,-0.006050607,-0.05636282,0.052002722,0.248254956,0.325738303,-0.007349912
2,B4A15,2,0.481813883,-0.623814083,0.128555419,0.122860757,0.08205177,0.046404498,0.033714798,0.38300602,-0.22252149
2,B4A15,3,0.201212317,-0.623814083,0.03471,-0.043846619,-0.028607018,-0.018771572,0.09650216,0.792721343,-0.354314049
2,B4A15,4,0.1530159,-0.623814083,0.245180794,-0.160581614,-0.208031043,0.063112215,0.598287945,0.502750302,0.049039429
2,B4A15,5,0.469598267,-0.623814083,0.104006691,-0.059168937,-0.104172074,0.059820525,0.202694539,-0.043593069,0.181836523
2,B4A15,6,0.484303917,-0.550285833,0.093988593,-0.109460029,-0.165813694,0.080335441,0.268553185,-0.071387402,0.287184678
2,B4A15,7,0.102059667,-0.550285833,0.068446898,-0.062403276,-0.119450733,0.080948884,0.155082952,-0.076064647,0.173999025
2,B4A15,8,0.1212659,-0.550285833,0.209166776,-0.040567307,-0.098042203,0.082076321,0.313079599,0.029673544,0.208822865
2,B4A15,9,-0.23300125,-1.2581535,0.318569011,0.200360155,0.117260927,0.102676978,0.117938957,0.235799702,-0.159218995
2,B4A15,10,-0.753896933,-1.549352083,0.651192446,0.137264942,0.026797888,0.1431635,0.556438268,0.942240312,-0.254755502
2,B4A15,11,-0.66072695,-1.549352083,0.454007206,0.169194823,0.163492965,0.020977609,0.294024521,0.674415603,-0.293923838
2,B4A15,12,-0.659007883,-1.549352083,0.222953344,0.204737674,0.183793011,0.037618293,0.008237583,0.3561263,-0.334020235
2,B4A15,13,-0.63677245,-1.549352083,0.522456576,0.20235275,0.173743645,0.04600697,0.320639378,0.267617881,-0.029406694
2,B4A15,14,-0.40832675,-1.549352083,0.593024276,0.211624653,0.183629467,0.045854287,0.380634731,0.523255152,-0.171959289
2,B4A15,15,-0.071427333,-0.440715583,0.850398774,0.203691114,0.173633111,0.048474952,0.660259667,0.801485272,-0.159958319
2,B4A21,1,0.518395017,-0.623814083,-0.056121024,-0.067881595,0.080936401,-0.150645763,0.031074814,-0.167743764,0.141377767
2,B4A21,2,0.481813883,-0.623814083,-0.160157539,-0.096292689,0.08861618,-0.188678188,-0.093216086,-0.255390138,0.088748091
2,B4A21,3,0.201212317,-0.623814083,-0.137022092,-0.234604484,0.059033047,-0.31757434,0.120955005,0.011466451,0.05143307
2,B4A21,4,0.1530159,-0.623814083,-0.151450578,-0.404541351,-0.281382127,-0.24034515,0.514383181,-0.135497868,0.637671895
2,B4A21,5,0.469598267,-0.623814083,-0.310730815,-0.333997649,-0.187498875,-0.236755638,-0.039797502,-0.463196218,0.592776762
2,B4A21,6,0.484303917,-0.550285833,-0.395366682,-0.268707453,-0.173782322,-0.152835877,-0.314038476,-0.617539677,0.549049159
2,B4A21,7,0.102059667,-0.550285833,-0.409579296,-0.138230961,-0.112033283,-0.037928131,-0.462284117,-0.674039024,0.411190106
2,B4A21,8,0.1212659,-0.550285833,-0.341554722,-0.038471648,0.040404725,-0.084338081,-0.437188351,-0.56990446,0.153647675
2,B4A21,9,-0.23300125,-1.2581535,-0.335741247,-0.235375876,-0.169413273,-0.107209602,-0.25313786,-0.54335368,0.525125286
2,B4A21,10,-0.753896933,-1.549352083,-0.190199063,-0.106236229,-0.107784773,0.004262577,-0.167891568,-0.437937861,0.397998119
2,B4A21,11,-0.66072695,-1.549352083,-0.336607726,0.114141122,0.036100121,0.104261803,-0.529241319,-0.62611598,0.156140018
2,B4A21,12,-0.659007883,-1.549352083,-0.345158996,0.026829629,0.007334678,0.033920249,-0.498966162,-0.599635095,0.173256743
2,B4A21,13,-0.63677245,-1.549352083,-0.307303837,0.027229728,-0.010911027,0.05830646,-0.454485016,-0.573525826,0.224447081
2,B4A21,14,-0.40832675,-1.549352083,-0.230082273,0.111636176,0.117237671,0.00852714,-0.41612172,-0.469513067,0.036279617
2,B4A21,15,-0.071427333,-0.440715583,-0.447848072,-0.45961959,-0.355215776,-0.264903889,-0.126283357,-0.592509999,1.272330516
4,B1A13,1,0.518395017,-0.623814083,-0.105301747,-0.092907507,0.066155343,-0.170263241,-0.06394345,-0.295823926,0.166223193
4,B1A13,2,0.481813883,-0.623814083,-0.268496977,0.095979297,0.17490519,-0.058730308,-0.495198864,-0.580633943,-0.019567995
4,B1A13,3,0.201212317,-0.623814083,-0.035937005,0.039368398,0.113133821,-0.060967916,-0.157509492,-0.266377992,0.039956401
4,B1A13,4,0.1530159,-0.623814083,0.496620278,0.21810622,0.154942725,0.101430705,0.266168516,0.146326437,0.037517572
4,B1A13,5,0.469598267,-0.623814083,0.010788108,0.170783985,0.169683559,0.036546953,-0.253988854,-0.205826683,-0.133485535
4,B1A13,6,0.484303917,-0.550285833,-0.009681958,0.249557946,0.235985006,0.059433694,-0.354310677,-0.267079651,-0.18937175
4,B1A13,7,0.102059667,-0.550285833,0.071683936,0.380053658,0.25439186,0.181007535,-0.366872634,-0.322841271,-0.136740573
4,B1A13,8,0.1212659,-0.550285833,0.314862542,0.077519469,0.060130866,0.045152839,0.297029928,0.270740692,-0.056717318
4,B1A13,9,-0.23300125,-1.2581535,0.283639626,-0.095388426,-0.145876102,0.059686356,0.718958441,0.334451219,0.206852848
4,B1A13,10,-0.753896933,-1.549352083,0.359758739,0.095308084,-0.004791923,0.156923458,0.339015952,0.222059477,0.01504538
4,B1A13,11,-0.66072695,-1.549352083,0.0903225,0.466989421,0.23970626,0.304061529,-0.419834968,-0.248393357,-0.293698508
4,B1A13,12,-0.659007883,-1.549352083,0.302473248,0.372576651,0.297999115,0.139529461,-0.129547819,0.09324185,-0.290380767
4,B1A13,13,-0.63677245,-1.549352083,0.271061594,0.358061361,0.307071415,0.116860286,-0.151370462,0.083038115,-0.305407806
4,B1A13,14,-0.40832675,-1.549352083,0.265319628,0.150588564,0.262636676,-0.064849554,0.103978874,0.214056271,-0.182245406
4,B1A13,15,-0.071427333,-0.440715583,0.149383098,-0.02300878,0.204662982,-0.219418533,0.263062906,0.359943674,-0.171004088
4,B1A19,1,0.518395017,-0.623814083,-0.117478751,-0.00187928,0.125682259,-0.123875793,-0.194515342,-0.402064181,0.139889286
4,B1A19,2,0.481813883,-0.623814083,-0.128832509,-0.087879823,0.149650833,-0.230686614,-0.114485224,-0.229712042,0.045822452
4,B1A19,3,0.201212317,-0.623814083,0.044192421,-0.099561141,-0.025536997,-0.094207965,0.191246195,-0.127759373,0.244520224
4,B1A19,4,0.1530159,-0.623814083,0.155699232,-0.019081739,0.04886635,-0.067963987,0.218139247,-0.008862655,0.140969203
4,B1A19,5,0.469598267,-0.623814083,0.169129001,0.088693438,0.128120535,-0.015979537,0.055148772,-0.096041155,0.080769799
4,B1A19,6,0.484303917,-0.550285833,-0.429262601,-0.301878857,-0.079490327,-0.358772985,-0.498013732,-0.488646969,-0.105091079
4,B1A19,7,0.102059667,-0.550285833,-0.188386483,-0.031369169,0.000442321,-0.035124726,-0.343619837,-0.45118537,0.109187049
4,B1A19,8,0.1212659,-0.550285833,-0.216113701,0.246109855,0.072497523,0.252192362,-0.612502107,-0.638818227,0.016616541
4,B1A19,9,-0.23300125,-1.2581535,-0.101886116,0.287605643,0.110106173,0.255830908,-0.508024744,-0.566615911,0.094743856
4,B1A19,10,-0.753896933,-1.549352083,-0.003844699,0.36538664,0.198183858,0.23807608,-0.45127761,-0.453052733,-0.038398549
4,B1A19,11,-0.66072695,-1.549352083,0.223332273,0.202580438,0.048406564,0.235090757,-0.031945998,-0.255439761,0.255303035
4,B1A19,12,-0.659007883,-1.549352083,0.158678996,0.172407271,0.019991014,0.236354263,-0.081338763,-0.275951783,0.23521131
4,B1A19,13,-0.63677245,-1.549352083,0.789093942,0.125714586,0.027916817,0.156766744,0.940176669,0.456214087,0.248106665
4,B1A19,14,-0.40832675,-1.549352083,0.365029591,0.348831418,0.234891719,0.18354786,-0.036037189,-0.008519794,-0.100577467
4,B1A19,15,-0.071427333,-0.440715583,0.081304487,0.148018362,0.01204805,0.215318985,-0.16698858,-0.330957091,0.252623367
4,B1A21,1,0.518395017,-0.623814083,0.138883624,0.194362306,0.143132955,0.059714987,-0.109440287,-0.272988958,0.099210105
4,B1A21,2,0.481813883,-0.623814083,0.52122511,0.26743054,0.198312434,0.093888732,0.202888707,0.343800441,-0.108415839
4,B1A21,3,0.201212317,-0.623814083,1.046861636,0.082031318,-0.010696166,0.13122165,1.206011369,1.190328517,-0.006847832
4,B1A21,4,0.1530159,-0.623814083,1.709771862,0.184022799,0.064011986,0.168889406,1.76591298,1.760665391,-0.026436335
4,B1A21,5,0.469598267,-0.623814083,1.613600557,0.11242047,0.009749733,0.152325724,1.961548581,1.184944241,0.293502398
4,B1A21,6,0.484303917,-0.550285833,0.779763877,0.105989132,0.005696576,0.151709768,0.87957255,0.54920545,0.140463762
4,B1A21,7,0.102059667,-0.550285833,0.823575817,0.040206867,-0.056431289,0.147726133,1.16714395,0.528461839,0.33603701
4,B1A21,8,0.1212659,-0.550285833,0.111850769,-0.194110847,-0.262902355,0.076341721,0.700317472,-0.099814796,0.800669758
4,B1A21,9,-0.23300125,-1.2581535,-0.19219027,0.059551942,0.03651239,0.049206418,-0.463989433,-0.439711248,-0.097613705
4,B1A21,10,-0.753896933,-1.549352083,-0.168306661,0.03026052,0.064349828,-0.023674121,-0.40497449,-0.430478731,0.001306329
4,B1A21,11,-0.66072695,-1.549352083,-0.131717549,0.09905825,0.128472218,-0.002014249,-0.420768537,-0.328603645,-0.191655468
4,B1A21,12,-0.659007883,-1.549352083,-0.010000389,0.007501929,-0.024099221,0.049480163,-0.106668297,-0.279102713,0.204393948
4,B1A21,13,-0.63677245,-1.549352083,0.102127807,-0.018775124,-0.044713647,0.0347769,0.155132445,-0.020501164,0.117727002
4,B1A21,14,-0.40832675,-1.549352083,0.242619859,-0.163981773,-0.189442739,-0.017074315,1.015661852,-0.003120518,1.015681264
4,B1A21,15,-0.071427333,-0.440715583,0.46305065,0.033720975,-0.067376196,0.157413205,0.699612567,0.052853824,0.581884238
4,B2A01,1,0.518395017,-0.623814083,-0.351316585,0.093502956,0.124398536,-0.024722708,-0.550902405,-0.296748809,-0.320525621
4,B2A01,2,0.481813883,-0.623814083,-0.29261105,0.102346891,0.181583789,-0.058004481,-0.528629919,-0.36627038,-0.291371005
4,B2A01,3,0.201212317,-0.623814083,-0.298100207,0.04063294,0.008072435,0.052891364,-0.520744828,-0.256904247,-0.378678383
4,B2A01,4,0.1530159,-0.623814083,-0.254610008,-0.020116686,-0.074735283,0.079291699,-0.426463228,-0.312826318,-0.231200147
4,B2A01,5,0.469598267,-0.623814083,-0.140387233,-0.055248155,-0.099698427,0.061438163,-0.208862363,-0.15547314,-0.133586687
4,B2A01,6,0.484303917,-0.550285833,-0.290683679,0.008612086,-0.050133254,0.089100033,-0.542876578,-0.514305146,-0.143134871
4,B2A01,7,0.102059667,-0.550285833,-0.147388481,-0.185059364,-0.239907404,0.053270853,0.012291449,-0.324049089,0.39933317
4,B2A01,8,0.1212659,-0.550285833,-0.195148129,-0.209525123,-0.233703761,-0.01605688,-0.049688078,-0.182032121,0.087011838
4,B2A01,9,-0.23300125,-1.2581535,-0.25385366,-0.011868015,-0.04041922,0.043415297,-0.502496985,-0.380011945,-0.256430453
4,B2A01,10,-0.753896933,-1.549352083,-0.279418553,0.067900443,0.14574475,-0.057477938,-0.618889653,-0.43480823,-0.378402589
4,B2A01,11,-0.66072695,-1.549352083,-0.224504222,0.047025182,0.203789485,-0.132941486,-0.523713804,-0.154851093,-0.515773358
4,B2A01,12,-0.659007883,-1.549352083,-0.220771819,0.167328473,0.219629183,-0.008936213,-0.609842734,-0.376739383,-0.433073292
4,B2A01,13,-0.63677245,-1.549352083,-0.130579047,-0.160132013,-0.045289653,-0.197416216,-0.023948854,0.029484382,-0.129473886
4,B2A01,14,-0.40832675,-1.549352083,-0.110856576,-0.305127256,-0.26422309,-0.231496711,0.713738631,0.016338767,0.655915581
4,B2A01,15,-0.071427333,-0.440715583,-0.332498189,-0.112453706,0.072724441,-0.236392947,-0.641719508,-0.372592589,-0.492222148
4,B2A06,1,0.518395017,-0.623814083,0.215947297,-0.113637986,-0.102883428,-0.023356696,0.436551851,0.785423176,-0.116854644
4,B2A06,2,0.481813883,-0.623814083,0.026629373,0.125698849,0.069476362,0.078959254,-0.16824733,0.131464486,-0.256982674
4,B2A06,3,0.201212317,-0.623814083,-0.017630457,0.055059191,-0.032898323,0.125214944,-0.151655451,-0.005984381,-0.185578678
4,B2A06,4,0.1530159,-0.623814083,0.020403258,0.095795278,-0.043982529,0.20344222,-0.155135775,-0.034254916,-0.179342144
4,B2A06,5,0.469598267,-0.623814083,0.102428039,0.24918102,0.127006481,0.173476521,-0.219721771,-0.050022031,-0.236190632
4,B2A06,6,0.484303917,-0.550285833,0.094819591,0.196230995,0.070051776,0.184607026,-0.180356681,0.019386338,-0.257803244
4,B2A06,7,0.102059667,-0.550285833,0.011722938,0.161403162,0.0512733,0.166955254,-0.254482692,0.186927383,-0.435016502
4,B2A06,8,0.1212659,-0.550285833,0.046228233,0.174456998,0.121164369,0.098350281,-0.226998085,0.326571692,-0.490046268
4,B2A06,9,-0.23300125,-1.2581535,0.173140759,0.206731652,0.100086247,0.166129313,-0.100668123,0.533898054,-0.497706132
4,B2A06,10,-0.753896933,-1.549352083,0.28324394,0.468922976,0.219137821,0.329241763,-0.229933614,0.235019543,-0.463104822
4,B2A06,11,-0.66072695,-1.549352083,-0.022540316,0.28977679,0.174101848,0.180793159,-0.427224967,-0.056169908,-0.476054184
4,B2A06,12,-0.659007883,-1.549352083,0.022563101,0.299253113,0.186056433,0.179467158,-0.384790751,-0.064595693,-0.426420044
4,B2A06,13,-0.63677245,-1.549352083,0.055587906,-0.018658069,-0.081527875,0.089671608,0.064449986,0.457888382,-0.375490862
4,B2A06,14,-0.40832675,-1.549352083,0.020116646,-0.09512887,-0.172192177,0.099336499,0.174035414,0.497755023,-0.325082747
4,B2A06,15,-0.071427333,-0.440715583,0.019815995,0.309532985,0.114574062,0.290559289,-0.406664941,0.297881844,-0.666016161
4,B2A09,1,0.518395017,-0.623814083,-0.019409435,-0.375117985,-0.427078704,0.061858158,0.812864758,0.107559547,0.50150987
4,B2A09,2,0.481813883,-0.623814083,-0.00872472,-0.202483793,-0.278391613,0.106938386,0.321280118,-0.068239225,0.292152119
4,B2A09,3,0.201212317,-0.623814083,0.143092255,0.018639194,-0.049339883,0.097517758,0.123483687,-0.112501929,0.161123917
4,B2A09,4,0.1530159,-0.623814083,-0.197629103,-0.016593075,-0.018334151,0.010073961,-0.340557757,-0.427052904,0.024506527
4,B2A09,5,0.469598267,-0.623814083,-0.392395734,0.086631831,0.161999209,-0.050550724,-0.723451615,-0.512629032,-0.476077734
4,B2A09,6,0.484303917,-0.550285833,-0.427398195,-0.001247871,0.08914054,-0.086871987,-0.758467519,-0.408389706,-0.626203264
4,B2A09,7,0.102059667,-0.550285833,-0.330637553,-0.190764173,-0.027053778,-0.2391609,-0.424080407,-0.138101621,-0.393460633
4,B2A09,8,0.1212659,-0.550285833,-0.284260642,-0.295506928,-0.166358226,-0.286281191,-0.066978095,0.297097024,-0.354727941
4,B2A09,9,-0.23300125,-1.2581535,-0.152546428,-0.020895278,0.061282533,-0.08871136,-0.309824586,0.211745756,-0.50993446
4,B2A09,10,-0.753896933,-1.549352083,0.035993021,0.102742541,0.081904298,0.053787693,-0.164507606,0.177869933,-0.374917642
4,B2A09,11,-0.66072695,-1.549352083,-0.129770673,-0.065603927,-0.06351389,-0.014372822,-0.212729787,-0.160411185,-0.12872807
4,B2A09,12,-0.659007883,-1.549352083,-0.070716921,-0.0800993,0.087094662,-0.19731397,-0.064889727,0.123125122,-0.254017974
4,B2A09,13,-0.63677245,-1.549352083,0.063972824,-0.29868111,-0.129273719,-0.363626381,1.391879342,0.915346598,0.147518625
4,B2A09,14,-0.40832675,-1.549352083,0.151543769,-0.36087014,-0.352761043,-0.247219536,2.889990237,0.700991692,1.227245314
4,B2A09,15,-0.071427333,-0.440715583,0.273011658,0.200728871,0.185493614,0.06487088,0.037338197,0.210360111,-0.23898978
4,B2A16,1,0.518395017,-0.623814083,-0.100231731,0.086723914,0.050017395,0.043576586,-0.26286065,-0.314899236,-0.017071928
4,B2A16,2,0.481813883,-0.623814083,-0.140001775,0.164267441,0.110981252,0.076407026,-0.393929794,-0.242302805,-0.232641409
4,B2A16,3,0.201212317,-0.623814083,0.09899432,0.035700437,0.015998514,0.037031559,0.034456677,0.230103081,-0.185114165
4,B2A16,4,0.1530159,-0.623814083,-0.448114176,-0.011295888,-0.040636379,0.045651324,-0.735696035,-0.034536401,-0.719578835
4,B2A16,5,0.469598267,-0.623814083,-0.290165102,-0.000861912,-0.040836429,0.061628314,-0.517775949,-0.203269064,-0.43742354
4,B2A16,6,0.484303917,-0.550285833,-0.336742198,0.245323991,0.154262437,0.140539716,-0.732038216,-0.47803876,-0.528728921
4,B2A16,7,0.102059667,-0.550285833,-0.107816602,0.160941072,0.086802259,0.120698377,-0.41171232,-0.20478546,-0.323990276
4,B2A16,8,0.1212659,-0.550285833,0.250513539,0.137047546,0.104274361,0.071108041,0.098191221,0.672095101,-0.419585618
4,B2A16,9,-0.23300125,-1.2581535,0.175202273,0.314820503,0.199701786,0.176085583,-0.211199633,0.209975029,-0.427535082
4,B2A16,10,-0.753896933,-1.549352083,0.144093065,0.273509065,0.228431537,0.100309178,-0.210808113,0.18052961,-0.416311242
4,B2A16,11,-0.66072695,-1.549352083,0.118146666,0.202139175,0.24319067,0.008040824,-0.171107814,0.567001546,-0.572236501
4,B2A16,12,-0.659007883,-1.549352083,-0.038485376,0.225800001,0.208076041,0.069342569,-0.403553882,0.550553384,-0.727195823
4,B2A16,13,-0.63677245,-1.549352083,-0.00447267,-0.270928386,-0.289760712,-0.088055961,0.876252988,0.791936092,-0.0569406
4,B2A16,14,-0.40832675,-1.549352083,-0.001853677,-0.309447688,-0.325743695,-0.134151756,1.252194243,0.456616847,0.471177652
4,B2A16,15,-0.071427333,-0.440715583,-0.179353721,-0.289406482,-0.350523643,-0.016334984,0.314587534,0.223946586,-0.009768264
4,B3A03,1,0.518395017,-0.623814083,0.242049339,0.044632525,0.007388327,0.04341587,0.184130123,-0.109584744,0.217176353
4,B3A03,2,0.481813883,-0.623814083,0.09785267,0.085282059,0.06675834,0.035172277,-0.036179395,-0.195209587,0.090388713
4,B3A03,3,0.201212317,-0.623814083,0.432656911,0.01560315,-0.001721614,0.032119773,0.542340012,0.325378948,0.108870228
4,B3A03,4,0.1530159,-0.623814083,-0.019063691,-0.008668152,0.031552949,-0.036523691,-0.072733134,-0.037747707,-0.099708928
4,B3A03,5,0.469598267,-0.623814083,-0.095124604,-0.117942975,-0.044993885,-0.104898081,-0.019582475,-0.270078651,0.227745486
4,B3A03,6,0.484303917,-0.550285833,-0.155172153,-0.088336356,0.038461255,-0.151377934,-0.193762959,0.137160205,-0.347674233
4,B3A03,7,0.102059667,-0.550285833,0.100583587,-0.240133261,-0.186999063,-0.146841791,0.868001295,0.665106978,0.046706059
4,B3A03,8,0.1212659,-0.550285833,0.167786232,-0.213082575,-0.136790727,-0.166522803,0.939965746,0.519864561,0.19485608
4,B3A03,9,-0.23300125,-1.2581535,0.057893015,-0.127923679,-0.058930456,-0.117360489,0.337762314,0.209393976,0.02683866
4,B3A03,10,-0.753896933,-1.549352083,0.115355074,0.065556718,0.188417328,-0.098302061,0.013321534,0.02110106,-0.083229628
4,B3A03,11,-0.66072695,-1.549352083,0.260007986,0.223602389,0.196571713,0.077830582,-0.011447041,-0.078281355,0.00487103
4,B3A03,12,-0.659007883,-1.549352083,0.320482776,0.172676923,0.210452384,0.00575568,0.144827424,0.074862331,-0.010501196
4,B3A03,13,-0.63677245,-1.549352083,0.327561718,-0.013033762,-0.103010932,0.135228252,0.575415237,-0.029413567,0.586400521
4,B3A03,14,-0.40832675,-1.549352083,0.323948047,0.089045413,-0.0339389,0.195028892,0.311519664,-0.051230909,0.340964353
4,B3A03,15,-0.071427333,-0.440715583,0.38050663,-0.093276985,-0.212865416,0.188004878,1.017540026,0.076971714,0.855611694
4,B3A11,1,0.518395017,-0.623814083,-0.079760903,0.091200816,0.10180645,-0.005364767,-0.243891064,0.549832952,-0.393125228
4,B3A11,2,0.481813883,-0.623814083,-0.196835253,0.101934703,0.126193466,-0.007469373,-0.412675143,0.058306523,-0.412247561
4,B3A11,3,0.201212317,-0.623814083,-0.018374493,-0.165372383,-0.144596104,-0.048311747,0.227896931,0.164448404,0.001675495
4,B3A11,4,0.1530159,-0.623814083,-0.264289872,-0.214332114,-0.173134356,-0.097626388,-0.176717774,-0.463723539,0.337051832
4,B3A11,5,0.469598267,-0.623814083,-0.238897788,-0.015198225,-0.077738791,0.092039282,-0.422518205,-0.586025938,0.217455077
4,B3A11,6,0.484303917,-0.550285833,-0.44568993,-0.090903412,-0.103790101,0.008317564,-0.746161575,-0.843242326,0.31207543
4,B3A11,7,0.102059667,-0.550285833,-0.179419018,-0.093309781,-0.162758738,0.095320843,-0.241303333,-0.568414836,0.626783838
4,B3A11,8,0.1212659,-0.550285833,-0.073513586,0.120877827,0.037753638,0.131958245,-0.336075372,-0.500022253,0.255704249
4,B3A11,9,-0.23300125,-1.2581535,-0.041152784,0.209228256,0.139696983,0.120995871,-0.378207239,-0.450529307,0.078373748
4,B3A11,10,-0.753896933,-1.549352083,-0.103960083,0.137456954,0.104186727,0.073261753,-0.407799106,-0.402438423,-0.057150489
4,B3A11,11,-0.66072695,-1.549352083,-0.141136717,-0.132485481,-0.09431214,-0.08806869,-0.11050952,-0.327976136,0.288708413
4,B3A11,12,-0.659007883,-1.549352083,-0.159196503,-0.178191085,-0.10501686,-0.159544563,-0.05058994,-0.304700356,0.342092799
4,B3A11,13,-0.63677245,-1.549352083,-0.069468439,-0.266271468,-0.230150007,-0.1794133,0.59990395,-0.119683314,0.804019897
4,B3A11,14,-0.40832675,-1.549352083,-0.099492773,-0.315786388,-0.284732752,-0.228220904,0.855697624,-0.145566557,1.203165018
4,B3A11,15,-0.071427333,-0.440715583,-0.16581146,-0.106914812,0.119147664,-0.263862455,-0.24192683,-0.333127026,0.132395792
4,B3A13,1,0.518395017,-0.623814083,-0.191083231,0.161955884,0.114377461,0.055930863,-0.420966246,0.043944567,-0.35601154
4,B3A13,2,0.481813883,-0.623814083,0.005429815,0.194791711,0.170058198,0.04790059,-0.257948136,0.069963378,-0.29528731
4,B3A13,3,0.201212317,-0.623814083,-0.162998369,-0.221988585,-0.162049676,-0.118069363,0.071339638,0.818220043,-0.401538624
4,B3A13,4,0.1530159,-0.623814083,-0.160041398,-0.205958983,-0.125137065,-0.144253142,0.039477922,0.422815761,-0.298729355
4,B3A13,5,0.469598267,-0.623814083,-0.080763123,-0.154824391,-0.157741369,-0.019778043,0.089295546,-0.114481722,0.137455017
4,B3A13,6,0.484303917,-0.550285833,-0.068735027,-0.228637033,-0.263210588,0.006741939,0.337989522,-0.139546436,0.447103157
4,B3A13,7,0.102059667,-0.550285833,-0.071811052,-0.078112147,-0.124278226,0.058923783,-0.057072256,-0.409766478,0.490233971
4,B3A13,8,0.1212659,-0.550285833,-0.212669372,-0.233639063,-0.31356187,0.094274835,-0.032315377,-0.505581753,0.866062842
4,B3A13,9,-0.23300125,-1.2581535,-0.25276633,-0.193938355,-0.266185531,0.080482146,-0.247073759,-0.638225193,1.053684582
4,B3A13,10,-0.753896933,-1.549352083,-0.286149756,-0.338272139,-0.421229447,0.059794305,0.090970574,-0.615410327,1.898578463
4,B3A13,11,-0.66072695,-1.549352083,-0.357109604,-0.240000892,-0.307371365,0.048031841,-0.490482296,-0.646738034,0.505217226
4,B3A13,12,-0.659007883,-1.549352083,-0.375469006,-0.217571192,-0.237531678,-0.046136017,-0.600197395,-0.679771145,0.357708681
4,B3A13,13,-0.63677245,-1.549352083,-0.325504713,-0.161196918,-0.113452002,-0.121521338,-0.544824521,-0.556895216,0.059362595
4,B3A13,14,-0.40832675,-1.549352083,-0.143495455,-0.248403766,-0.095249665,-0.305631186,0.242172577,-0.144176236,0.428305996
4,B3A13,15,-0.071427333,-0.440715583,-0.202695205,-0.299919757,0.050759524,-0.48930862,0.271798794,0.020589996,0.191373347
4,B3A23,1,0.518395017,-0.623814083,0.031556176,-0.024865216,-0.100325151,0.092214289,0.024533596,0.462345014,-0.218090184
4,B3A23,2,0.481813883,-0.623814083,0.079389236,-0.03116606,-0.107454876,0.104272859,0.108303123,0.652316293,-0.294999521
4,B3A23,3,0.201212317,-0.623814083,0.401139904,-0.215910497,-0.309920436,0.14525302,1.26145073,0.81406846,0.20639563
4,B3A23,4,0.1530159,-0.623814083,0.170723634,-0.282870702,-0.321299083,0.011953709,1.153069266,0.873204615,0.102601094
4,B3A23,5,0.469598267,-0.623814083,-0.236745877,-0.179694257,-0.124314823,-0.107946039,-0.193793324,0.288336369,-0.414077738
4,B3A23,6,0.484303917,-0.550285833,-0.349656929,-0.180404166,-0.116228448,-0.124161552,-0.464535503,-0.314417002,-0.283102193
4,B3A23,7,0.102059667,-0.550285833,-0.291566137,-0.160818338,-0.059971558,-0.161206148,-0.376176964,-0.209159876,-0.276914402
4,B3A23,8,0.1212659,-0.550285833,-0.054330188,-0.07844621,0.063651602,-0.166164032,-0.024825175,0.211898596,-0.269549984
4,B3A23,9,-0.23300125,-1.2581535,0.108242426,-0.04220789,0.098156878,-0.151266342,0.211999578,0.231081839,-0.095221849
4,B3A23,10,-0.753896933,-1.549352083,0.305048095,-0.017810705,0.127036929,-0.146753837,0.522275147,0.506007408,-0.076921271
4,B3A23,11,-0.66072695,-1.549352083,-0.021591278,-0.016282778,0.05376177,-0.077385028,-0.084931276,0.004166502,-0.165698043
4,B3A23,12,-0.659007883,-1.549352083,-0.101855608,0.16022529,0.206891382,-0.005253745,-0.43626019,0.215675606,-0.63893909
4,B3A23,13,-0.63677245,-1.549352083,-0.042614696,-0.250446138,-0.144574197,-0.255023735,0.604308372,1.181004842,-0.383074215
4,B3A23,14,-0.40832675,-1.549352083,-0.027891633,-0.104656454,0.000365261,-0.157764793,0.086972181,0.861897639,-0.540723366
4,B3A23,15,-0.071427333,-0.440715583,-0.01899113,-0.039172903,0.011918425,-0.071163074,-0.044989315,0.933294454,-0.640828554
4,B4A04,1,0.518395017,-0.623814083,0.132222657,-0.230932373,-0.256392296,0.016369866,0.600964277,-0.146890456,0.614542198
4,B4A04,2,0.481813883,-0.623814083,-0.009681832,-0.007524184,-0.009626735,0.00854783,-0.054024256,-0.104619085,-0.009552562
4,B4A04,3,0.201212317,-0.623814083,-0.218795448,-0.240652102,-0.231463325,-0.053061899,-0.007338914,-0.311974639,0.274882102
4,B4A04,4,0.1530159,-0.623814083,-0.283821323,-0.34286217,-0.342289137,-0.091712178,0.117563368,-0.358688999,0.541437807
4,B4A04,5,0.469598267,-0.623814083,-0.093725411,-0.249085849,-0.267018381,-0.025040213,0.333131232,-0.059998514,0.314289211
4,B4A04,6,0.484303917,-0.550285833,-0.024195615,-0.245622844,-0.160654468,-0.183963476,0.52270756,0.142972657,0.247373122
4,B4A04,7,0.102059667,-0.550285833,-0.251332983,0.115433933,0.11903481,0.027112348,-0.573587749,0.094232426,-0.665689359
4,B4A04,8,0.1212659,-0.550285833,-0.311094858,0.181560892,0.172821536,0.050542467,-0.701595888,0.254150805,-0.829798079
4,B4A04,9,-0.23300125,-1.2581535,-0.386823284,0.121096426,0.178979292,-0.025123526,-0.795068181,0.159454867,-0.901910826
4,B4A04,10,-0.753896933,-1.549352083,-0.433777189,-0.080983276,0.106082558,-0.209654718,-0.815177942,0.163094378,-0.931927638
4,B4A04,11,-0.66072695,-1.549352083,-0.388817136,-0.393017868,-0.396089796,-0.234547216,-0.175843938,0.24468294,-0.429853755
4,B4A04,12,-0.659007883,-1.549352083,-0.415343985,-0.357834298,-0.370301307,-0.178042429,-0.496868104,0.10650845,-0.644990098
4,B4A04,13,-0.63677245,-1.549352083,-0.220532546,-0.285449794,-0.044436899,-0.404550376,0.11579337,-0.226931961,0.423583568
4,B4A04,14,-0.40832675,-1.549352083,-0.056625068,-0.234388729,-0.148020772,-0.224199965,0.47975645,-0.170772651,0.791755224
4,B4A04,15,-0.071427333,-0.440715583,-0.062853174,-0.249400743,-0.361810264,0.158840301,0.549658559,-0.484244803,2.342298821
4,B4A07,1,0.518395017,-0.623814083,-0.407762198,0.071702831,0.012003649,0.069607659,-0.602814551,-0.303439997,-0.369351589
4,B4A07,2,0.481813883,-0.623814083,-0.264904013,0.251715401,0.184653067,0.09178919,-0.580977485,-0.069935852,-0.503024064
4,B4A07,3,0.201212317,-0.623814083,-0.02934403,-0.20554721,-0.276329026,0.095496477,0.312100865,0.051555466,0.163503572
4,B4A07,4,0.1530159,-0.623814083,-0.018295469,-0.134020652,-0.242502722,0.170558021,0.162242266,-0.103402173,0.193148996
4,B4A07,5,0.469598267,-0.623814083,-0.026518618,0.029855805,-0.07043677,0.150241035,-0.143385242,-0.107201971,-0.11080573
4,B4A07,6,0.484303917,-0.550285833,-0.080277129,-0.076421431,-0.179549225,0.158064562,-0.072826657,0.040898737,-0.175233112
4,B4A07,7,0.102059667,-0.550285833,0.083921844,0.148078175,0.054299378,0.145216479,-0.143704288,0.223388908,-0.365334563
4,B4A07,8,0.1212659,-0.550285833,-0.018635324,0.213479682,0.116645697,0.152024974,-0.347641207,-0.0296462,-0.396701821
4,B4A07,9,-0.23300125,-1.2581535,-0.076289748,0.111167134,-0.007998068,0.18429501,-0.336637328,-0.263715094,-0.164515869
4,B4A07,10,-0.753896933,-1.549352083,-0.15427664,0.260361424,0.15990881,0.160778932,-0.561325455,-0.069413271,-0.608746482
4,B4A07,11,-0.66072695,-1.549352083,-0.165839241,0.138764354,0.176093199,-0.00117493,-0.504879841,0.064733981,-0.626507018
4,B4A07,12,-0.659007883,-1.549352083,-0.048001746,0.20761255,0.100076852,0.171560129,-0.401294233,-0.055045916,-0.452107385
4,B4A07,13,-0.63677245,-1.549352083,0.123491268,0.223282201,0.103951128,0.188328143,-0.191989656,0.11863157,-0.371353294
4,B4A07,14,-0.40832675,-1.549352083,-0.142633278,0.228948009,0.095815571,0.208005776,-0.55291576,0.181510863,-0.739696774
4,B4A07,15,-0.071427333,-0.440715583,-0.072377216,0.214892798,0.062517076,0.237142175,-0.45382238,0.328479913,-0.715494617
4,B4A11,1,0.518395017,-0.623814083,0.562330639,-0.114903415,0.119115745,-0.235181077,0.947011022,0.713325422,0.163290662
4,B4A11,2,0.481813883,-0.623814083,0.653299944,0.134891055,0.188574655,-0.030947818,0.550266589,0.571074696,-0.016948734
4,B4A11,3,0.201212317,-0.623814083,0.908997114,0.103861683,0.218898922,-0.084104963,0.968623816,1.090841981,-0.070042725
4,B4A11,4,0.1530159,-0.623814083,0.71371553,0.190889273,0.228039292,7.56E-05,0.565055551,0.681671334,-0.107315404
4,B4A11,5,0.469598267,-0.623814083,0.298750528,0.182529553,0.234833468,-0.012088697,0.088377448,0.401535542,-0.270673588
4,B4A11,6,0.484303917,-0.550285833,0.563645487,0.239273282,0.236664267,0.047929665,0.326661841,0.50710753,-0.181489153
4,B4A11,7,0.102059667,-0.550285833,0.062712267,0.116239765,0.027449385,0.13793698,-0.133835382,-0.376715707,0.294763984
4,B4A11,8,0.1212659,-0.550285833,0.052389609,-0.338056197,-0.375783513,-0.05406815,1.472332365,0.118202672,1.118620506
4,B4A11,9,-0.23300125,-1.2581535,-0.09089615,-0.346226027,-0.377750943,-0.086867171,0.999483611,-0.047650502,1.026449162
4,B4A11,10,-0.753896933,-1.549352083,0.004513646,-0.124519851,-0.138435798,-0.008930082,0.211227729,-0.057688242,0.217569319
4,B4A11,11,-0.66072695,-1.549352083,-0.214396401,0.085263812,0.073338139,0.040472272,-0.537763482,-0.455273533,-0.189353727
4,B4A11,12,-0.659007883,-1.549352083,-0.043600414,0.098702175,0.211346454,-0.080172672,-0.289208187,-0.140096378,-0.244803593
4,B4A11,13,-0.63677245,-1.549352083,-0.018676421,0.068356169,0.202289436,-0.108254993,-0.215523196,-0.249622469,0.001427562
4,B4A11,14,-0.40832675,-1.549352083,0.055714004,0.04487337,0.18890428,-0.125732274,-0.05572212,-0.027217618,-0.100581624
4,B4A11,15,-0.071427333,-0.440715583,0.242455133,-0.194043247,-0.19693118,-0.074541333,1.223279394,0.328649079,0.615943788
4,B4A22,1,0.518395017,-0.623814083,0.150461802,0.09753965,0.02123341,0.088601675,0.00755253,-0.339376888,0.286928688
4,B4A22,2,0.481813883,-0.623814083,-0.103083685,0.169312053,0.130551017,0.061087396,-0.356426089,-0.53285607,0.123292287
4,B4A22,3,0.201212317,-0.623814083,-0.342669667,0.063240079,0.059350055,0.021893063,-0.596332535,-0.750577285,0.167885134
4,B4A22,4,0.1530159,-0.623814083,-0.384549076,0.048533028,0.052171885,0.013817983,-0.671399736,-0.730351522,-0.024494819
4,B4A22,5,0.469598267,-0.623814083,-0.310921903,-0.017082465,-0.021576034,0.013329054,-0.537822238,-0.630490042,0.084111945
4,B4A22,6,0.484303917,-0.550285833,-0.360091665,0.278336078,0.194484058,0.132944604,-0.769426517,-0.760872793,-0.150597564
4,B4A22,7,0.102059667,-0.550285833,-0.291442307,0.220772529,0.175980266,0.090815368,-0.681542455,-0.663956032,-0.125600726
4,B4A22,8,0.1212659,-0.550285833,-0.282335471,0.017408393,0.072831116,-0.048441117,-0.564471336,-0.597516989,0.022472677
4,B4A22,9,-0.23300125,-1.2581535,-0.300992673,0.156510363,0.148852667,0.046885541,-0.688352546,-0.654611902,-0.122947652
4,B4A22,10,-0.753896933,-1.549352083,-0.352991635,0.187383033,0.251039434,-0.015674056,-0.781953401,-0.70215115,-0.260379708
4,B4A22,11,-0.66072695,-1.549352083,-0.128510713,0.009380044,0.000945921,0.020161764,-0.318805582,-0.392612868,0.087098374
4,B4A22,12,-0.659007883,-1.549352083,-0.238282069,0.095711099,0.058546735,0.072681443,-0.591241114,-0.61028281,0.087449713
4,B4A22,13,-0.63677245,-1.549352083,-0.144115794,0.01108304,0.108048745,-0.096268331,-0.361472718,-0.334653864,-0.077396698
4,B4A22,14,-0.40832675,-1.549352083,-0.233009623,-0.142179043,0.03628169,-0.247000032,-0.339799378,-0.313603637,-0.072862524
4,B4A22,15,-0.071427333,-0.440715583,-0.267902468,-0.182443644,0.07341897,-0.334909281,-0.371838384,-0.350640662,-0.052438695
